snapshot_timestamp,snapshot_date,snapshot_kind,benchmark_id,benchmark,is_anchor,edi,discriminability_scaled
20251113094011,2025-11-13,benchmark_zip_fixed_code_reconstruction,b5,LAMBADA,False,-16.480606368375064,0.010693009583723953
20251113094011,2025-11-13,benchmark_zip_fixed_code_reconstruction,b13,TriviaQA,False,7.9049308456068985,0.012538220162891592
20251113094011,2025-11-13,benchmark_zip_fixed_code_reconstruction,b7,PIQA,False,43.79144357588302,0.011461394310875488
20251113094011,2025-11-13,benchmark_zip_fixed_code_reconstruction,b4,HellaSwag,False,44.936433553800455,0.020594961741187523
20251113094011,2025-11-13,benchmark_zip_fixed_code_reconstruction,b23,Lech Mazur Writing,False,79.43207488466868,0.01996014887189696
20251113094011,2025-11-13,benchmark_zip_fixed_code_reconstruction,b8,OpenBookQA,False,87.07332983232422,0.03541794754299592
20251113094011,2025-11-13,benchmark_zip_fixed_code_reconstruction,b1,ARC AI2,False,87.34818992164506,0.06484050941317492
20251113094011,2025-11-13,benchmark_zip_fixed_code_reconstruction,b3,GSM8K,False,88.10685718431571,0.06494441742810443
20251113094011,2025-11-13,benchmark_zip_fixed_code_reconstruction,b9,Winogrande,True,93.57006134674864,0.031256100449964894
20251113094011,2025-11-13,benchmark_zip_fixed_code_reconstruction,b6,MMLU,False,94.13561966652162,0.04536844580384108
20251113094011,2025-11-13,benchmark_zip_fixed_code_reconstruction,b15,ScienceQA,False,95.55864856836067,0.05480006593789368
20251113094011,2025-11-13,benchmark_zip_fixed_code_reconstruction,b2,BBH,False,99.53944922230356,0.05652519591854356
20251113094011,2025-11-13,benchmark_zip_fixed_code_reconstruction,b22,GeoBench,False,102.88621471516693,0.018214389787461146
20251113094011,2025-11-13,benchmark_zip_fixed_code_reconstruction,b11,MATH level 5,False,120.54688053208636,0.12459033312099255
20251113094011,2025-11-13,benchmark_zip_fixed_code_reconstruction,b33,ANLI,False,123.10627033501976,0.04452353331483707
20251113094011,2025-11-13,benchmark_zip_fixed_code_reconstruction,b31,Fiction.LiveBench,False,128.64608696536257,0.08202347723560133
20251113094011,2025-11-13,benchmark_zip_fixed_code_reconstruction,b10,GPQA diamond,False,131.52444421840488,0.08707751503704753
20251113094011,2025-11-13,benchmark_zip_fixed_code_reconstruction,b12,OTIS Mock AIME 2024-2025,False,134.57687804354518,0.17113744986405316
20251113094011,2025-11-13,benchmark_zip_fixed_code_reconstruction,b20,Aider polyglot,False,135.2258968716449,0.13219107213262007
20251113094011,2025-11-13,benchmark_zip_fixed_code_reconstruction,b24,WeirdML,False,135.99279528599158,0.07415169644630272
20251113094011,2025-11-13,benchmark_zip_fixed_code_reconstruction,b14,CadEval,False,137.29206565931221,0.08033003253754364
20251113094011,2025-11-13,benchmark_zip_fixed_code_reconstruction,b34,CSQA2,False,143.76171633265244,0.059513431554238716
20251113094011,2025-11-13,benchmark_zip_fixed_code_reconstruction,b29,ARC-AGI,False,144.02482653193852,0.19143312009485408
20251113094011,2025-11-13,benchmark_zip_fixed_code_reconstruction,b30,DeepResearch Bench,False,145.68826403899791,0.039809934780211824
20251113094011,2025-11-13,benchmark_zip_fixed_code_reconstruction,b32,Terminal Bench,False,147.8107896063811,0.11419089825399761
20251113094011,2025-11-13,benchmark_zip_fixed_code_reconstruction,b18,SimpleBench,False,147.91505228306306,0.10424130215809002
20251113094011,2025-11-13,benchmark_zip_fixed_code_reconstruction,b17,OSWorld,False,149.76549769424315,0.09489381111676606
20251113094011,2025-11-13,benchmark_zip_fixed_code_reconstruction,b28,VPCT,False,151.6095269422592,0.024716503745700367
20251113094011,2025-11-13,benchmark_zip_fixed_code_reconstruction,b27,The Agent Company,False,154.12729145898783,0.07937595306979611
20251113094011,2025-11-13,benchmark_zip_fixed_code_reconstruction,b21,Balrog,False,161.25681422823675,0.03144216272274837
20251113094011,2025-11-13,benchmark_zip_fixed_code_reconstruction,b19,FrontierMath-2025-02-28-Private,False,162.86732169015463,0.10911743673195083
20251113094011,2025-11-13,benchmark_zip_fixed_code_reconstruction,b16,Cybench,False,166.98054193728694,0.050714269080358386
20251113094011,2025-11-13,benchmark_zip_fixed_code_reconstruction,b25,FrontierMath-Tier-4-2025-07-01-Private,False,183.03024945742544,0.07946498787261977
20251113094011,2025-11-13,benchmark_zip_fixed_code_reconstruction,b26,GSO-Bench,False,183.6905398938552,0.06684819547097051
20251125180202,2025-11-25,benchmark_zip_fixed_code_reconstruction,b5,LAMBADA,False,-1.2972291320363212,0.01178319581928459
20251125180202,2025-11-25,benchmark_zip_fixed_code_reconstruction,b13,TriviaQA,False,21.71723999210056,0.014003655548772146
20251125180202,2025-11-25,benchmark_zip_fixed_code_reconstruction,b7,PIQA,False,53.9335481382926,0.012829913950062827
20251125180202,2025-11-25,benchmark_zip_fixed_code_reconstruction,b4,HellaSwag,False,54.885550181649954,0.023003955520418052
20251125180202,2025-11-25,benchmark_zip_fixed_code_reconstruction,b28,VideoMME,False,89.22122605683512,0.009765756303013828
20251125180202,2025-11-25,benchmark_zip_fixed_code_reconstruction,b8,OpenBookQA,False,92.64736528542655,0.039412877232377075
20251125180202,2025-11-25,benchmark_zip_fixed_code_reconstruction,b1,ARC AI2,False,92.89049893362821,0.07238447773756083
20251125180202,2025-11-25,benchmark_zip_fixed_code_reconstruction,b3,GSM8K,False,93.5787482250308,0.07250290969611316
20251125180202,2025-11-25,benchmark_zip_fixed_code_reconstruction,b9,Winogrande,True,98.47828540875646,0.03452916471100466
20251125180202,2025-11-25,benchmark_zip_fixed_code_reconstruction,b23,Lech Mazur Writing,False,98.68908343739324,0.03300282192410682
20251125180202,2025-11-25,benchmark_zip_fixed_code_reconstruction,b6,MMLU,False,98.93312256193927,0.0509233076518748
20251125180202,2025-11-25,benchmark_zip_fixed_code_reconstruction,b16,ScienceQA,False,100.21933626911924,0.06131939836695394
20251125180202,2025-11-25,benchmark_zip_fixed_code_reconstruction,b2,BBH,False,103.7708925795052,0.06339887581075103
20251125180202,2025-11-25,benchmark_zip_fixed_code_reconstruction,b22,GeoBench,False,111.7454993942379,0.02592790183448896
20251125180202,2025-11-25,benchmark_zip_fixed_code_reconstruction,b11,MATH level 5,False,122.31119611544284,0.14735696926817227
20251125180202,2025-11-25,benchmark_zip_fixed_code_reconstruction,b34,ANLI,False,124.86346676305153,0.04993177267135553
20251125180202,2025-11-25,benchmark_zip_fixed_code_reconstruction,b31,Fiction.LiveBench,False,130.41812867977706,0.09673061409017605
20251125180202,2025-11-25,benchmark_zip_fixed_code_reconstruction,b10,GPQA diamond,False,132.01335255938446,0.0984901608407521
20251125180202,2025-11-25,benchmark_zip_fixed_code_reconstruction,b12,OTIS Mock AIME 2024-2025,False,134.79051370984268,0.18778033817731574
20251125180202,2025-11-25,benchmark_zip_fixed_code_reconstruction,b20,Aider polyglot,False,135.30328988361472,0.136149904760387
20251125180202,2025-11-25,benchmark_zip_fixed_code_reconstruction,b15,CadEval,False,137.48942548435332,0.08271090583253703
20251125180202,2025-11-25,benchmark_zip_fixed_code_reconstruction,b14,WeirdML,False,143.18186313827132,0.0662996610909683
20251125180202,2025-11-25,benchmark_zip_fixed_code_reconstruction,b35,CSQA2,False,143.71168564255072,0.06605787436207136
20251125180202,2025-11-25,benchmark_zip_fixed_code_reconstruction,b27,VPCT,False,144.59570440724352,0.054672195132605336
20251125180202,2025-11-25,benchmark_zip_fixed_code_reconstruction,b29,ARC-AGI,False,145.10498120542655,0.1600367540802366
20251125180202,2025-11-25,benchmark_zip_fixed_code_reconstruction,b30,DeepResearch Bench,False,145.51531357063473,0.03006400691898648
20251125180202,2025-11-25,benchmark_zip_fixed_code_reconstruction,b17,Cybench,False,145.89604148259238,0.12472386897880003
20251125180202,2025-11-25,benchmark_zip_fixed_code_reconstruction,b32,OSWorld,False,147.32523955429562,0.0827504036035509
20251125180202,2025-11-25,benchmark_zip_fixed_code_reconstruction,b18,SimpleBench,False,147.52017163896124,0.10596090451883368
20251125180202,2025-11-25,benchmark_zip_fixed_code_reconstruction,b26,The Agent Company,False,150.5354494485313,0.09038682706950353
20251125180202,2025-11-25,benchmark_zip_fixed_code_reconstruction,b33,Terminal Bench,False,152.0762791797652,0.08039567591764192
20251125180202,2025-11-25,benchmark_zip_fixed_code_reconstruction,b19,FrontierMath-2025-02-28-Private,False,157.41251426379824,0.12695594495501553
20251125180202,2025-11-25,benchmark_zip_fixed_code_reconstruction,b21,Balrog,False,160.2910592533378,0.033612924469998806
20251125180202,2025-11-25,benchmark_zip_fixed_code_reconstruction,b24,FrontierMath-Tier-4-2025-07-01-Private,False,167.7801642737304,0.12254603681050533
20251125180202,2025-11-25,benchmark_zip_fixed_code_reconstruction,b25,GSO-Bench,False,183.91158490538206,0.06653540061231403
20251214160510,2025-12-14,benchmark_zip_fixed_code_reconstruction,b5,LAMBADA,False,31.68869432090044,0.015092635056276768
20251214160510,2025-12-14,benchmark_zip_fixed_code_reconstruction,b13,TriviaQA,False,49.63223801656805,0.01795229026644542
20251214160510,2025-12-14,benchmark_zip_fixed_code_reconstruction,b7,PIQA,False,75.04294445931117,0.016558066615416374
20251214160510,2025-12-14,benchmark_zip_fixed_code_reconstruction,b4,HellaSwag,False,75.82762421526732,0.029660414965397452
20251214160510,2025-12-14,benchmark_zip_fixed_code_reconstruction,b8,OpenBookQA,False,105.00166993403701,0.05111699846873585
20251214160510,2025-12-14,benchmark_zip_fixed_code_reconstruction,b1,ARC AI2,False,105.2134390642056,0.09402766185077392
20251214160510,2025-12-14,benchmark_zip_fixed_code_reconstruction,b3,GSM8K,False,105.67817133346642,0.09620477417560858
20251214160510,2025-12-14,benchmark_zip_fixed_code_reconstruction,b23,Lech Mazur Writing,False,108.57985561398142,0.04054680204794617
20251214160510,2025-12-14,benchmark_zip_fixed_code_reconstruction,b9,Winogrande,True,109.61706312402173,0.04443328813180375
20251214160510,2025-12-14,benchmark_zip_fixed_code_reconstruction,b6,MMLU,False,109.85435798687806,0.06606885387837157
20251214160510,2025-12-14,benchmark_zip_fixed_code_reconstruction,b25,VideoMME,False,110.10367390632487,0.019511209352607282
20251214160510,2025-12-14,benchmark_zip_fixed_code_reconstruction,b16,ScienceQA,False,110.20024578941275,0.08448861890553037
20251214160510,2025-12-14,benchmark_zip_fixed_code_reconstruction,b2,BBH,False,113.55154286308424,0.08242317922483183
20251214160510,2025-12-14,benchmark_zip_fixed_code_reconstruction,b22,GeoBench,False,118.16134629205467,0.03191921735423234
20251214160510,2025-12-14,benchmark_zip_fixed_code_reconstruction,b11,MATH level 5,False,128.25261184020135,0.1850386155587521
20251214160510,2025-12-14,benchmark_zip_fixed_code_reconstruction,b35,ANLI,False,129.96375958454462,0.06422222513080966
20251214160510,2025-12-14,benchmark_zip_fixed_code_reconstruction,b31,Fiction.LiveBench,False,135.5074699603608,0.12258261911836854
20251214160510,2025-12-14,benchmark_zip_fixed_code_reconstruction,b10,GPQA diamond,False,136.12577970062276,0.12012063294572896
20251214160510,2025-12-14,benchmark_zip_fixed_code_reconstruction,b12,OTIS Mock AIME 2024-2025,False,138.19115932246666,0.23793695722889038
20251214160510,2025-12-14,benchmark_zip_fixed_code_reconstruction,b20,Aider polyglot,False,138.84683271713382,0.1775821926591788
20251214160510,2025-12-14,benchmark_zip_fixed_code_reconstruction,b15,CadEval,False,140.07827304852026,0.10142139639688971
20251214160510,2025-12-14,benchmark_zip_fixed_code_reconstruction,b33,SWE-Bench Verified (Bash Only),False,143.27108518212344,0.1292112886919414
20251214160510,2025-12-14,benchmark_zip_fixed_code_reconstruction,b36,CSQA2,False,144.37385458520518,0.08561361280343543
20251214160510,2025-12-14,benchmark_zip_fixed_code_reconstruction,b14,WeirdML,False,145.30067028482623,0.08032941358028295
20251214160510,2025-12-14,benchmark_zip_fixed_code_reconstruction,b29,ARC-AGI,False,146.264270305681,0.21414352764672373
20251214160510,2025-12-14,benchmark_zip_fixed_code_reconstruction,b30,DeepResearch Bench,False,146.6538282443994,0.04716875626170248
20251214160510,2025-12-14,benchmark_zip_fixed_code_reconstruction,b32,OSWorld,False,147.30192902373142,0.132853937120619
20251214160510,2025-12-14,benchmark_zip_fixed_code_reconstruction,b26,VPCT,False,147.36737771541152,0.051187718159985296
20251214160510,2025-12-14,benchmark_zip_fixed_code_reconstruction,b17,Cybench,False,148.15607389290057,0.13935103548160274
20251214160510,2025-12-14,benchmark_zip_fixed_code_reconstruction,b18,SimpleBench,False,148.31345762896188,0.13615790556173418
20251214160510,2025-12-14,benchmark_zip_fixed_code_reconstruction,b28,The Agent Company,False,148.80903993946805,0.12830379625223728
20251214160510,2025-12-14,benchmark_zip_fixed_code_reconstruction,b34,Terminal Bench,False,150.95831508201698,0.12226484640298257
20251214160510,2025-12-14,benchmark_zip_fixed_code_reconstruction,b19,FrontierMath-2025-02-28-Private,False,156.30605211924268,0.162510416925541
20251214160510,2025-12-14,benchmark_zip_fixed_code_reconstruction,b21,Balrog,False,158.66217343343754,0.04113685529119042
20251214160510,2025-12-14,benchmark_zip_fixed_code_reconstruction,b24,FrontierMath-Tier-4-2025-07-01-Private,False,163.9691118547774,0.16651831191430963
20251214160510,2025-12-14,benchmark_zip_fixed_code_reconstruction,b27,GSO-Bench,False,174.54953902272393,0.09166989904388323
20260101232245,2026-01-01,benchmark_zip_fixed_code_reconstruction,b5,LAMBADA,False,31.575432394373408,0.015084134238346827
20260101232245,2026-01-01,benchmark_zip_fixed_code_reconstruction,b13,TriviaQA,False,49.64835089943722,0.017982349280783076
20260101232245,2026-01-01,benchmark_zip_fixed_code_reconstruction,b7,PIQA,False,75.06196861291261,0.0166030774951978
20260101232245,2026-01-01,benchmark_zip_fixed_code_reconstruction,b4,HellaSwag,False,76.17133826797425,0.02988641321504976
20260101232245,2026-01-01,benchmark_zip_fixed_code_reconstruction,b8,OpenBookQA,False,104.93766095386415,0.05126900139045685
20260101232245,2026-01-01,benchmark_zip_fixed_code_reconstruction,b1,ARC AI2,False,105.06057005404685,0.09361557880718414
20260101232245,2026-01-01,benchmark_zip_fixed_code_reconstruction,b3,GSM8K,False,105.52012134175754,0.09548281325994469
20260101232245,2026-01-01,benchmark_zip_fixed_code_reconstruction,b23,Lech Mazur Writing,False,108.74359601454726,0.04088889616075465
20260101232245,2026-01-01,benchmark_zip_fixed_code_reconstruction,b25,VideoMME,False,108.83071918357696,0.018323530501257485
20260101232245,2026-01-01,benchmark_zip_fixed_code_reconstruction,b9,Winogrande,True,109.64037935152143,0.04488475633872802
20260101232245,2026-01-01,benchmark_zip_fixed_code_reconstruction,b6,MMLU,False,109.75232655621184,0.06607281834850143
20260101232245,2026-01-01,benchmark_zip_fixed_code_reconstruction,b16,ScienceQA,False,110.11141964665981,0.08471456566928502
20260101232245,2026-01-01,benchmark_zip_fixed_code_reconstruction,b2,BBH,False,113.54586351376405,0.08404429859528915
20260101232245,2026-01-01,benchmark_zip_fixed_code_reconstruction,b22,GeoBench,False,118.3372148562179,0.03243591124772484
20260101232245,2026-01-01,benchmark_zip_fixed_code_reconstruction,b11,MATH level 5,False,128.1467908393455,0.18484075132002498
20260101232245,2026-01-01,benchmark_zip_fixed_code_reconstruction,b35,ANLI,False,129.81044983507766,0.06451479974769485
20260101232245,2026-01-01,benchmark_zip_fixed_code_reconstruction,b31,Fiction.LiveBench,False,135.46569818309237,0.12610878030961678
20260101232245,2026-01-01,benchmark_zip_fixed_code_reconstruction,b10,GPQA diamond,False,136.05200475198384,0.11952200152987187
20260101232245,2026-01-01,benchmark_zip_fixed_code_reconstruction,b12,OTIS Mock AIME 2024-2025,False,138.06251269732374,0.2372476955653965
20260101232245,2026-01-01,benchmark_zip_fixed_code_reconstruction,b20,Aider polyglot,False,138.81076589923887,0.17760405130190204
20260101232245,2026-01-01,benchmark_zip_fixed_code_reconstruction,b15,CadEval,False,139.98739092782975,0.10094907413702373
20260101232245,2026-01-01,benchmark_zip_fixed_code_reconstruction,b33,SWE-Bench Verified (Bash Only),False,143.1382461407112,0.12750907613658125
20260101232245,2026-01-01,benchmark_zip_fixed_code_reconstruction,b36,CSQA2,False,143.55207308034116,0.08787796252975615
20260101232245,2026-01-01,benchmark_zip_fixed_code_reconstruction,b14,WeirdML,False,145.23600504642835,0.08068150568392213
20260101232245,2026-01-01,benchmark_zip_fixed_code_reconstruction,b26,VPCT,False,145.29824363771456,0.06906299629779349
20260101232245,2026-01-01,benchmark_zip_fixed_code_reconstruction,b29,ARC-AGI,False,146.25124188664017,0.21009880724810165
20260101232245,2026-01-01,benchmark_zip_fixed_code_reconstruction,b28,The Agent Company,False,147.0027837150819,0.14271778218533188
20260101232245,2026-01-01,benchmark_zip_fixed_code_reconstruction,b32,OSWorld,False,147.2781642637808,0.12846959486812773
20260101232245,2026-01-01,benchmark_zip_fixed_code_reconstruction,b17,Cybench,False,147.9491246676701,0.14001082904049672
20260101232245,2026-01-01,benchmark_zip_fixed_code_reconstruction,b30,DeepResearch Bench,False,148.27279657875303,0.04074858063123337
20260101232245,2026-01-01,benchmark_zip_fixed_code_reconstruction,b18,SimpleBench,False,149.65220124861972,0.11505530434829167
20260101232245,2026-01-01,benchmark_zip_fixed_code_reconstruction,b34,Terminal Bench,False,150.37865040177462,0.13663105488122404
20260101232245,2026-01-01,benchmark_zip_fixed_code_reconstruction,b19,FrontierMath-2025-02-28-Private,False,156.14932523666837,0.16244752288706854
20260101232245,2026-01-01,benchmark_zip_fixed_code_reconstruction,b21,Balrog,False,158.52819637181605,0.04115540502226527
20260101232245,2026-01-01,benchmark_zip_fixed_code_reconstruction,b24,FrontierMath-Tier-4-2025-07-01-Private,False,160.94046349702543,0.20629414285843287
20260101232245,2026-01-01,benchmark_zip_fixed_code_reconstruction,b27,GSO-Bench,False,163.98355617847943,0.13353782244223544
20260204115444,2026-02-04,benchmark_zip_fixed_code_reconstruction,b5,LAMBADA,False,33.39219031706526,0.015380065475098856
20260204115444,2026-02-04,benchmark_zip_fixed_code_reconstruction,b13,TriviaQA,False,51.084663467498686,0.01832559015007602
20260204115444,2026-02-04,benchmark_zip_fixed_code_reconstruction,b7,PIQA,False,76.0552225472392,0.01693204931942202
20260204115444,2026-02-04,benchmark_zip_fixed_code_reconstruction,b4,HellaSwag,False,77.16171249224169,0.0305030911285961
20260204115444,2026-02-04,benchmark_zip_fixed_code_reconstruction,b8,OpenBookQA,False,105.33984286215386,0.052360100829808215
20260204115444,2026-02-04,benchmark_zip_fixed_code_reconstruction,b1,ARC AI2,False,105.4608829302586,0.09558126432539586
20260204115444,2026-02-04,benchmark_zip_fixed_code_reconstruction,b3,GSM8K,False,105.90940287991542,0.09749293958932688
20260204115444,2026-02-04,benchmark_zip_fixed_code_reconstruction,b24,Lech Mazur Writing,False,108.92507975754754,0.04100587560000141
20260204115444,2026-02-04,benchmark_zip_fixed_code_reconstruction,b26,VideoMME,False,109.00842710793778,0.018489264487699195
20260204115444,2026-02-04,benchmark_zip_fixed_code_reconstruction,b9,Winogrande,True,109.94238679990447,0.04598142474424357
20260204115444,2026-02-04,benchmark_zip_fixed_code_reconstruction,b6,MMLU,False,110.06059124621254,0.06737585239265306
20260204115444,2026-02-04,benchmark_zip_fixed_code_reconstruction,b16,ScienceQA,False,110.40268554929602,0.08650967071819074
20260204115444,2026-02-04,benchmark_zip_fixed_code_reconstruction,b2,BBH,False,113.77715507860381,0.08573339986265106
20260204115444,2026-02-04,benchmark_zip_fixed_code_reconstruction,b23,GeoBench,False,120.03650250651289,0.036739779406539184
20260204115444,2026-02-04,benchmark_zip_fixed_code_reconstruction,b11,MATH level 5,False,128.14474424924583,0.18625016796604996
20260204115444,2026-02-04,benchmark_zip_fixed_code_reconstruction,b37,ANLI,False,129.70125407072047,0.06585769024910632
20260204115444,2026-02-04,benchmark_zip_fixed_code_reconstruction,b32,Fiction.LiveBench,False,135.44970273229464,0.1254620510254226
20260204115444,2026-02-04,benchmark_zip_fixed_code_reconstruction,b10,GPQA diamond,False,135.8606846732412,0.1217919049018806
20260204115444,2026-02-04,benchmark_zip_fixed_code_reconstruction,b12,OTIS Mock AIME 2024-2025,False,138.00997565812463,0.23711838986731215
20260204115444,2026-02-04,benchmark_zip_fixed_code_reconstruction,b21,Aider polyglot,False,138.7772778872958,0.17739097446554092
20260204115444,2026-02-04,benchmark_zip_fixed_code_reconstruction,b15,CadEval,False,139.91467691603313,0.10149966681633182
20260204115444,2026-02-04,benchmark_zip_fixed_code_reconstruction,b34,SWE-Bench Verified (Bash Only),False,142.85105926075252,0.129478291972279
20260204115444,2026-02-04,benchmark_zip_fixed_code_reconstruction,b38,CSQA2,False,142.93960418634654,0.09045809977236106
20260204115444,2026-02-04,benchmark_zip_fixed_code_reconstruction,b27,VPCT,False,145.06499105270225,0.07215662429254678
20260204115444,2026-02-04,benchmark_zip_fixed_code_reconstruction,b14,WeirdML,False,145.2749593843026,0.08011961677922036
20260204115444,2026-02-04,benchmark_zip_fixed_code_reconstruction,b33,OSWorld,False,146.07442175545728,0.13676366502000686
20260204115444,2026-02-04,benchmark_zip_fixed_code_reconstruction,b30,ARC-AGI,False,146.10320875864358,0.2137244136837215
20260204115444,2026-02-04,benchmark_zip_fixed_code_reconstruction,b29,The Agent Company,False,146.84998869604777,0.14374033017003493
20260204115444,2026-02-04,benchmark_zip_fixed_code_reconstruction,b17,Cybench,False,147.3722673217959,0.14751807776539996
20260204115444,2026-02-04,benchmark_zip_fixed_code_reconstruction,b31,DeepResearch Bench,False,148.6334778848649,0.036115931628967195
20260204115444,2026-02-04,benchmark_zip_fixed_code_reconstruction,b18,SimpleBench,False,149.45667732938037,0.11661125404872572
20260204115444,2026-02-04,benchmark_zip_fixed_code_reconstruction,b35,Terminal Bench,False,149.559249277941,0.14827785685250272
20260204115444,2026-02-04,benchmark_zip_fixed_code_reconstruction,b20,SimpleQA Verified,False,149.73919588835201,0.13987656933945444
20260204115444,2026-02-04,benchmark_zip_fixed_code_reconstruction,b19,FrontierMath-2025-02-28-Private,False,155.61802171488628,0.1683811752334405
20260204115444,2026-02-04,benchmark_zip_fixed_code_reconstruction,b36,Chess Puzzles,False,157.03073485347926,0.13719085562789615
20260204115444,2026-02-04,benchmark_zip_fixed_code_reconstruction,b22,Balrog,False,158.6003967622168,0.04109427973502027
20260204115444,2026-02-04,benchmark_zip_fixed_code_reconstruction,b25,FrontierMath-Tier-4-2025-07-01-Private,False,160.29166204783087,0.2132431700474387
20260204115444,2026-02-04,benchmark_zip_fixed_code_reconstruction,b28,GSO-Bench,False,163.86820471518558,0.1322703991277271
20260204224101,2026-02-04,benchmark_zip_fixed_code_reconstruction,b5,LAMBADA,False,33.40685763687203,0.015349306797109526
20260204224101,2026-02-04,benchmark_zip_fixed_code_reconstruction,b13,TriviaQA,False,51.530863902575234,0.01841453622913721
20260204224101,2026-02-04,benchmark_zip_fixed_code_reconstruction,b7,PIQA,False,76.46263653217729,0.017091579112354798
20260204224101,2026-02-04,benchmark_zip_fixed_code_reconstruction,b4,HellaSwag,False,77.50723106953214,0.030712077329508505
20260204224101,2026-02-04,benchmark_zip_fixed_code_reconstruction,b8,OpenBookQA,False,105.54616851395431,0.05279508339580485
20260204224101,2026-02-04,benchmark_zip_fixed_code_reconstruction,b1,ARC AI2,False,105.65845235648925,0.09641511521435488
20260204224101,2026-02-04,benchmark_zip_fixed_code_reconstruction,b3,GSM8K,False,105.99349983645851,0.10088704070937615
20260204224101,2026-02-04,benchmark_zip_fixed_code_reconstruction,b26,VideoMME,False,108.59904422055361,0.018122563707211183
20260204224101,2026-02-04,benchmark_zip_fixed_code_reconstruction,b24,Lech Mazur Writing,False,108.90821357647127,0.04099315862803883
20260204224101,2026-02-04,benchmark_zip_fixed_code_reconstruction,b6,MMLU,False,110.1647192082884,0.0680053275528813
20260204224101,2026-02-04,benchmark_zip_fixed_code_reconstruction,b9,Winogrande,True,110.48183539641803,0.045214972924783915
20260204224101,2026-02-04,benchmark_zip_fixed_code_reconstruction,b16,ScienceQA,False,110.54787085393308,0.08712637329921621
20260204224101,2026-02-04,benchmark_zip_fixed_code_reconstruction,b2,BBH,False,113.57799975326208,0.08813240233009872
20260204224101,2026-02-04,benchmark_zip_fixed_code_reconstruction,b23,GeoBench,False,120.0253439749866,0.0367298189967119
20260204224101,2026-02-04,benchmark_zip_fixed_code_reconstruction,b11,MATH level 5,False,128.14138840938148,0.1862192872730776
20260204224101,2026-02-04,benchmark_zip_fixed_code_reconstruction,b38,ANLI,False,129.45834447233423,0.06836839109568822
20260204224101,2026-02-04,benchmark_zip_fixed_code_reconstruction,b32,Fiction.LiveBench,False,135.44416436186242,0.12553000469269265
20260204224101,2026-02-04,benchmark_zip_fixed_code_reconstruction,b10,GPQA diamond,False,135.86331964044558,0.12228098756954976
20260204224101,2026-02-04,benchmark_zip_fixed_code_reconstruction,b12,OTIS Mock AIME 2024-2025,False,138.0017813658707,0.23721774311222543
20260204224101,2026-02-04,benchmark_zip_fixed_code_reconstruction,b21,Aider polyglot,False,138.76948860162142,0.1773969762774174
20260204224101,2026-02-04,benchmark_zip_fixed_code_reconstruction,b15,CadEval,False,139.90702828354426,0.10156932888049726
20260204224101,2026-02-04,benchmark_zip_fixed_code_reconstruction,b34,SWE-Bench Verified (Bash Only),False,142.84415732540046,0.12937685988241412
20260204224101,2026-02-04,benchmark_zip_fixed_code_reconstruction,b27,VPCT,False,145.05974431983884,0.07214228419536352
20260204224101,2026-02-04,benchmark_zip_fixed_code_reconstruction,b14,WeirdML,False,145.2747903069466,0.07982138820405432
20260204224101,2026-02-04,benchmark_zip_fixed_code_reconstruction,b33,OSWorld,False,146.06948438581082,0.13655921436260754
20260204224101,2026-02-04,benchmark_zip_fixed_code_reconstruction,b30,ARC-AGI,False,146.09925608593352,0.21345859585849317
20260204224101,2026-02-04,benchmark_zip_fixed_code_reconstruction,b29,The Agent Company,False,146.84558338770884,0.1436450860735456
20260204224101,2026-02-04,benchmark_zip_fixed_code_reconstruction,b17,Cybench,False,147.3643050464253,0.14746940291614818
20260204224101,2026-02-04,benchmark_zip_fixed_code_reconstruction,b31,DeepResearch Bench,False,148.63989698097677,0.03598468946463469
20260204224101,2026-02-04,benchmark_zip_fixed_code_reconstruction,b18,SimpleBench,False,149.457215015848,0.11649531535128246
20260204224101,2026-02-04,benchmark_zip_fixed_code_reconstruction,b35,Terminal Bench,False,149.56102992348195,0.14798075486315496
20260204224101,2026-02-04,benchmark_zip_fixed_code_reconstruction,b20,SimpleQA Verified,False,149.74347620217515,0.13944151966157015
20260204224101,2026-02-04,benchmark_zip_fixed_code_reconstruction,b37,CSQA2,False,155.01719313510293,0.06171752455293128
20260204224101,2026-02-04,benchmark_zip_fixed_code_reconstruction,b19,FrontierMath-2025-02-28-Private,False,155.63338155569517,0.1680128985087527
20260204224101,2026-02-04,benchmark_zip_fixed_code_reconstruction,b36,Chess Puzzles,False,157.0585666220099,0.13668486082179118
20260204224101,2026-02-04,benchmark_zip_fixed_code_reconstruction,b22,Balrog,False,158.62174175607632,0.04104276427042274
20260204224101,2026-02-04,benchmark_zip_fixed_code_reconstruction,b25,FrontierMath-Tier-4-2025-07-01-Private,False,160.35230031075838,0.21200854544395137
20260204224101,2026-02-04,benchmark_zip_fixed_code_reconstruction,b28,GSO-Bench,False,163.93759086207612,0.13164771350274557
20260205070603,2026-02-05,benchmark_zip_fixed_code_reconstruction,b5,LAMBADA,False,35.74639472300136,0.015791669924544935
20260205070603,2026-02-05,benchmark_zip_fixed_code_reconstruction,b13,TriviaQA,False,53.69427743219762,0.019077146813494983
20260205070603,2026-02-05,benchmark_zip_fixed_code_reconstruction,b7,PIQA,False,77.82131523431354,0.017748068992923232
20260205070603,2026-02-05,benchmark_zip_fixed_code_reconstruction,b4,HellaSwag,False,78.69608341402378,0.03173561795805476
20260205070603,2026-02-05,benchmark_zip_fixed_code_reconstruction,b8,OpenBookQA,False,105.86532813576926,0.05421797859856122
20260205070603,2026-02-05,benchmark_zip_fixed_code_reconstruction,b1,ARC AI2,False,105.97317891359535,0.09919129723550905
20260205070603,2026-02-05,benchmark_zip_fixed_code_reconstruction,b3,GSM8K,False,106.30484805792726,0.10358990507542737
20260205070603,2026-02-05,benchmark_zip_fixed_code_reconstruction,b26,VideoMME,False,108.63257652373727,0.01819425828996919
20260205070603,2026-02-05,benchmark_zip_fixed_code_reconstruction,b24,Lech Mazur Writing,False,108.68164821429957,0.040702223162965324
20260205070603,2026-02-05,benchmark_zip_fixed_code_reconstruction,b6,MMLU,False,110.38134329033929,0.06969276788624236
20260205070603,2026-02-05,benchmark_zip_fixed_code_reconstruction,b9,Winogrande,True,110.64939439057518,0.046386457613953165
20260205070603,2026-02-05,benchmark_zip_fixed_code_reconstruction,b16,ScienceQA,False,110.7768612159815,0.08917448530095791
20260205070603,2026-02-05,benchmark_zip_fixed_code_reconstruction,b2,BBH,False,113.6493658101025,0.09113308763714884
20260205070603,2026-02-05,benchmark_zip_fixed_code_reconstruction,b23,GeoBench,False,119.89741576669631,0.03654316128061952
20260205070603,2026-02-05,benchmark_zip_fixed_code_reconstruction,b11,MATH level 5,False,128.12898533047357,0.18519704946787388
20260205070603,2026-02-05,benchmark_zip_fixed_code_reconstruction,b38,ANLI,False,129.17052262317998,0.0700738708928459
20260205070603,2026-02-05,benchmark_zip_fixed_code_reconstruction,b32,Fiction.LiveBench,False,135.39841047233463,0.12470257846512404
20260205070603,2026-02-05,benchmark_zip_fixed_code_reconstruction,b10,GPQA diamond,False,135.83500155992252,0.1220041645406983
20260205070603,2026-02-05,benchmark_zip_fixed_code_reconstruction,b12,OTIS Mock AIME 2024-2025,False,138.0181253158655,0.23820243355104706
20260205070603,2026-02-05,benchmark_zip_fixed_code_reconstruction,b21,Aider polyglot,False,138.58142494063867,0.16846777822155945
20260205070603,2026-02-05,benchmark_zip_fixed_code_reconstruction,b15,CadEval,False,139.8875598870864,0.10111133810944678
20260205070603,2026-02-05,benchmark_zip_fixed_code_reconstruction,b34,SWE-Bench Verified (Bash Only),False,142.83221584873684,0.12911894317680883
20260205070603,2026-02-05,benchmark_zip_fixed_code_reconstruction,b27,VPCT,False,145.0529105389524,0.07183274434124023
20260205070603,2026-02-05,benchmark_zip_fixed_code_reconstruction,b14,WeirdML,False,145.27299940394434,0.07969193477578153
20260205070603,2026-02-05,benchmark_zip_fixed_code_reconstruction,b33,OSWorld,False,146.06716595392442,0.1363002818932777
20260205070603,2026-02-05,benchmark_zip_fixed_code_reconstruction,b30,ARC-AGI,False,146.09987794602588,0.21336106455938514
20260205070603,2026-02-05,benchmark_zip_fixed_code_reconstruction,b29,The Agent Company,False,146.86022862472507,0.14308196209707258
20260205070603,2026-02-05,benchmark_zip_fixed_code_reconstruction,b17,Cybench,False,147.35816401681245,0.14766217220428957
20260205070603,2026-02-05,benchmark_zip_fixed_code_reconstruction,b31,DeepResearch Bench,False,148.63345630761012,0.03611083752197476
20260205070603,2026-02-05,benchmark_zip_fixed_code_reconstruction,b18,SimpleBench,False,149.39418289179466,0.11886766900768365
20260205070603,2026-02-05,benchmark_zip_fixed_code_reconstruction,b35,Terminal Bench,False,149.54948594349472,0.1483742445923168
20260205070603,2026-02-05,benchmark_zip_fixed_code_reconstruction,b20,SimpleQA Verified,False,149.72218660370112,0.14034499124361596
20260205070603,2026-02-05,benchmark_zip_fixed_code_reconstruction,b37,CSQA2,False,153.86240954313377,0.06365458791539864
20260205070603,2026-02-05,benchmark_zip_fixed_code_reconstruction,b19,FrontierMath-2025-02-28-Private,False,155.6177412287501,0.16798681749088307
20260205070603,2026-02-05,benchmark_zip_fixed_code_reconstruction,b36,Chess Puzzles,False,156.99060477132855,0.13768016438734945
20260205070603,2026-02-05,benchmark_zip_fixed_code_reconstruction,b22,Balrog,False,158.6420757530231,0.04097297946335664
20260205070603,2026-02-05,benchmark_zip_fixed_code_reconstruction,b25,FrontierMath-Tier-4-2025-07-01-Private,False,160.26393544033232,0.21351829395250488
20260205070603,2026-02-05,benchmark_zip_fixed_code_reconstruction,b28,GSO-Bench,False,163.81940710802715,0.13260662773308401
20260213005335,2026-02-13,canonical_eci_csv,b5,LAMBADA,False,34.70068930693755,0.01561054507059691
20260213005335,2026-02-13,canonical_eci_csv,b10,TriviaQA,False,52.85949492484215,0.018859166395132788
20260213005335,2026-02-13,canonical_eci_csv,b7,PIQA,False,77.2351181330161,0.017531543448216898
20260213005335,2026-02-13,canonical_eci_csv,b4,HellaSwag,False,78.11118613488046,0.031335796659170016
20260213005335,2026-02-13,canonical_eci_csv,b8,OpenBookQA,False,105.633130209826,0.05347462878251609
20260213005335,2026-02-13,canonical_eci_csv,b1,ARC AI2,False,105.74136322748694,0.09791241276107439
20260213005335,2026-02-13,canonical_eci_csv,b3,GSM8K,False,106.07298113075365,0.10234894233967477
20260213005335,2026-02-13,canonical_eci_csv,b26,VideoMME,False,108.68214895131793,0.018243185610392777
20260213005335,2026-02-13,canonical_eci_csv,b24,Lech Mazur Writing,False,108.68974574815795,0.040718364567261814
20260213005335,2026-02-13,canonical_eci_csv,b6,MMLU,False,110.19787523354309,0.06887862700093769
20260213005335,2026-02-13,canonical_eci_csv,b9,Winogrande,True,110.47385886593146,0.04570301294884193
20260213005335,2026-02-13,canonical_eci_csv,b16,ScienceQA,False,110.60429631814782,0.08805761034807337
20260213005335,2026-02-13,canonical_eci_csv,b2,BBH,False,113.50229376827062,0.09006307681595281
20260213005335,2026-02-13,canonical_eci_csv,b23,GeoBench,False,119.87556043641517,0.03641408872253553
20260213005335,2026-02-13,canonical_eci_csv,b12,MATH level 5,False,128.12366941518488,0.18447208566482895
20260213005335,2026-02-13,canonical_eci_csv,b37,ANLI,False,129.22447910877042,0.06924045930794533
20260213005335,2026-02-13,canonical_eci_csv,b32,Fiction.LiveBench,False,135.4144295518614,0.12491472540164114
20260213005335,2026-02-13,canonical_eci_csv,b11,GPQA diamond,False,135.84988686834288,0.12164367244252836
20260213005335,2026-02-13,canonical_eci_csv,b13,OTIS Mock AIME 2024-2025,False,138.04031766617584,0.23764957490032199
20260213005335,2026-02-13,canonical_eci_csv,b21,Aider polyglot,False,138.59367528254373,0.16889388791640356
20260213005335,2026-02-13,canonical_eci_csv,b15,CadEval,False,139.89727796312542,0.10107352705450658
20260213005335,2026-02-13,canonical_eci_csv,b34,SWE-Bench Verified (Bash Only),False,142.8601011005313,0.12919421873025194
20260213005335,2026-02-13,canonical_eci_csv,b27,VPCT,False,145.09026346332035,0.07157029836199313
20260213005335,2026-02-13,canonical_eci_csv,b14,WeirdML,False,145.26940197002423,0.07975009493397336
20260213005335,2026-02-13,canonical_eci_csv,b30,ARC-AGI,False,145.91414002989464,0.22393356662354508
20260213005335,2026-02-13,canonical_eci_csv,b33,OSWorld,False,146.1780943643646,0.13682551806948479
20260213005335,2026-02-13,canonical_eci_csv,b29,The Agent Company,False,146.89875002811215,0.14274631303058113
20260213005335,2026-02-13,canonical_eci_csv,b17,Cybench,False,147.43901680292018,0.1467554477067077
20260213005335,2026-02-13,canonical_eci_csv,b31,DeepResearch Bench,False,148.5540847452542,0.036997695532047625
20260213005335,2026-02-13,canonical_eci_csv,b18,SimpleBench,False,149.56459720661914,0.11744129347454524
20260213005335,2026-02-13,canonical_eci_csv,b35,Terminal Bench,False,149.60939849218786,0.14739375753081355
20260213005335,2026-02-13,canonical_eci_csv,b20,SimpleQA Verified,False,150.23660276011682,0.1288248858516215
20260213005335,2026-02-13,canonical_eci_csv,b19,FrontierMath-2025-02-28-Private,False,155.67750072054508,0.1671018685654567
20260213005335,2026-02-13,canonical_eci_csv,b22,Balrog,False,158.68539086965845,0.040898620530565505
20260213005335,2026-02-13,canonical_eci_csv,b36,Chess Puzzles,False,159.68114183569108,0.11029834124963322
20260213005335,2026-02-13,canonical_eci_csv,b25,FrontierMath-Tier-4-2025-07-01-Private,False,162.49026817261142,0.18282901189883582
20260213005335,2026-02-13,canonical_eci_csv,b28,GSO-Bench,False,164.55473061184503,0.12696164438308827
20260320171809,2026-03-20,benchmark_zip_fixed_code_reconstruction,b5,LAMBADA,False,31.796663221474887,0.015158049733785508
20260320171809,2026-03-20,benchmark_zip_fixed_code_reconstruction,b13,TriviaQA,False,50.46938030317354,0.018318390024347736
20260320171809,2026-03-20,benchmark_zip_fixed_code_reconstruction,b7,PIQA,False,75.46267849678972,0.016934792212941085
20260320171809,2026-03-20,benchmark_zip_fixed_code_reconstruction,b4,HellaSwag,False,76.43635476597356,0.03036376416672507
20260320171809,2026-03-20,benchmark_zip_fixed_code_reconstruction,b8,OpenBookQA,False,104.78872243157102,0.051754692873753005
20260320171809,2026-03-20,benchmark_zip_fixed_code_reconstruction,b1,ARC AI2,False,104.90101963799171,0.09450000859472377
20260320171809,2026-03-20,benchmark_zip_fixed_code_reconstruction,b3,GSM8K,False,105.3972839617407,0.09506786935971663
20260320171809,2026-03-20,benchmark_zip_fixed_code_reconstruction,b24,Lech Mazur Writing,False,109.16222531817692,0.04126249661186677
20260320171809,2026-03-20,benchmark_zip_fixed_code_reconstruction,b9,Winogrande,True,109.41265527574285,0.04552908927014267
20260320171809,2026-03-20,benchmark_zip_fixed_code_reconstruction,b26,VideoMME,False,109.55004448156782,0.013575255073330678
20260320171809,2026-03-20,benchmark_zip_fixed_code_reconstruction,b6,MMLU,False,109.57229146073212,0.06662815240720639
20260320171809,2026-03-20,benchmark_zip_fixed_code_reconstruction,b16,ScienceQA,False,110.67837987526077,0.0796210042371736
20260320171809,2026-03-20,benchmark_zip_fixed_code_reconstruction,b2,BBH,False,113.27067664569823,0.0854644145870835
20260320171809,2026-03-20,benchmark_zip_fixed_code_reconstruction,b23,GeoBench,False,119.94674061244292,0.03600514390212383
20260320171809,2026-03-20,benchmark_zip_fixed_code_reconstruction,b11,MATH level 5,False,127.97482880445212,0.1790034849346432
20260320171809,2026-03-20,benchmark_zip_fixed_code_reconstruction,b37,ANLI,False,129.38624582993694,0.0652707399764405
20260320171809,2026-03-20,benchmark_zip_fixed_code_reconstruction,b32,Fiction.LiveBench,False,134.65374129925286,0.11889231544248687
20260320171809,2026-03-20,benchmark_zip_fixed_code_reconstruction,b10,GPQA diamond,False,135.88959463289865,0.1201571806661878
20260320171809,2026-03-20,benchmark_zip_fixed_code_reconstruction,b12,OTIS Mock AIME 2024-2025,False,138.2239064943529,0.22719025664420953
20260320171809,2026-03-20,benchmark_zip_fixed_code_reconstruction,b21,Aider polyglot,False,138.5662827980212,0.15974120959812782
20260320171809,2026-03-20,benchmark_zip_fixed_code_reconstruction,b15,CadEval,False,140.16842211417188,0.10429450376851224
20260320171809,2026-03-20,benchmark_zip_fixed_code_reconstruction,b38,CSQA2,False,143.09418607665685,0.08860356686369834
20260320171809,2026-03-20,benchmark_zip_fixed_code_reconstruction,b34,SWE-Bench Verified (Bash Only),False,143.21250006979855,0.12937584415341002
20260320171809,2026-03-20,benchmark_zip_fixed_code_reconstruction,b27,VPCT,False,145.13292230105222,0.07087185231538473
20260320171809,2026-03-20,benchmark_zip_fixed_code_reconstruction,b14,WeirdML,False,145.4372736343241,0.07983505731718166
20260320171809,2026-03-20,benchmark_zip_fixed_code_reconstruction,b30,ARC-AGI,False,146.11633976681242,0.22776781794350456
20260320171809,2026-03-20,benchmark_zip_fixed_code_reconstruction,b33,OSWorld,False,146.4949041324862,0.14202538195686074
20260320171809,2026-03-20,benchmark_zip_fixed_code_reconstruction,b29,The Agent Company,False,146.89649546725394,0.14437821906513676
20260320171809,2026-03-20,benchmark_zip_fixed_code_reconstruction,b31,DeepResearch Bench,False,147.10427097726762,0.08757445088230503
20260320171809,2026-03-20,benchmark_zip_fixed_code_reconstruction,b17,Cybench,False,147.92095637676607,0.14366482036443742
20260320171809,2026-03-20,benchmark_zip_fixed_code_reconstruction,b35,Terminal Bench,False,148.8812685399164,0.16156270188930064
20260320171809,2026-03-20,benchmark_zip_fixed_code_reconstruction,b18,SimpleBench,False,149.60774767319816,0.11914879569691522
20260320171809,2026-03-20,benchmark_zip_fixed_code_reconstruction,b20,SimpleQA Verified,False,152.28514425705504,0.09309839723332616
20260320171809,2026-03-20,benchmark_zip_fixed_code_reconstruction,b22,Balrog,False,156.02373113873955,0.04554073649433264
20260320171809,2026-03-20,benchmark_zip_fixed_code_reconstruction,b19,FrontierMath-2025-02-28-Private,False,156.84099069304347,0.14984018677848604
20260320171809,2026-03-20,benchmark_zip_fixed_code_reconstruction,b36,Chess Puzzles,False,157.48255602780122,0.1403063171272038
20260320171809,2026-03-20,benchmark_zip_fixed_code_reconstruction,b28,GSO-Bench,False,160.20573239930113,0.16908913089756286
20260320171809,2026-03-20,benchmark_zip_fixed_code_reconstruction,b25,FrontierMath-Tier-4-2025-07-01-Private,False,161.40364494438938,0.20116467769509483
20260427185318,2026-04-27,benchmark_zip_fixed_code_reconstruction,b5,LAMBADA,False,31.6285660315026,0.015134310900673999
20260427185318,2026-04-27,benchmark_zip_fixed_code_reconstruction,b13,TriviaQA,False,50.29796736355456,0.018279834372198277
20260427185318,2026-04-27,benchmark_zip_fixed_code_reconstruction,b7,PIQA,False,75.3647315959271,0.016907080905463754
20260427185318,2026-04-27,benchmark_zip_fixed_code_reconstruction,b4,HellaSwag,False,76.3454427694962,0.030320914156291658
20260427185318,2026-04-27,benchmark_zip_fixed_code_reconstruction,b8,OpenBookQA,False,104.73125910771898,0.051727197138137754
20260427185318,2026-04-27,benchmark_zip_fixed_code_reconstruction,b1,ARC AI2,False,104.84662742720013,0.0943907450508563
20260427185318,2026-04-27,benchmark_zip_fixed_code_reconstruction,b3,GSM8K,False,105.34520795233364,0.09496272627603147
20260427185318,2026-04-27,benchmark_zip_fixed_code_reconstruction,b9,Winogrande,True,109.36490840204412,0.04548063203827287
20260427185318,2026-04-27,benchmark_zip_fixed_code_reconstruction,b24,Lech Mazur Writing,False,109.43510773763845,0.04165548743789458
20260427185318,2026-04-27,benchmark_zip_fixed_code_reconstruction,b6,MMLU,False,109.52736843612058,0.0664959764545919
20260427185318,2026-04-27,benchmark_zip_fixed_code_reconstruction,b26,VideoMME,False,110.40004323261542,0.01410497712306796
20260427185318,2026-04-27,benchmark_zip_fixed_code_reconstruction,b16,ScienceQA,False,110.6621182543853,0.0793368890657317
20260427185318,2026-04-27,benchmark_zip_fixed_code_reconstruction,b2,BBH,False,113.20049575960189,0.08567027786553476
20260427185318,2026-04-27,benchmark_zip_fixed_code_reconstruction,b23,GeoBench,False,120.13253438259513,0.03628429874151033
20260427185318,2026-04-27,benchmark_zip_fixed_code_reconstruction,b11,MATH level 5,False,127.98994587788499,0.17780286587621524
20260427185318,2026-04-27,benchmark_zip_fixed_code_reconstruction,b37,ANLI,False,129.3481071146451,0.06522736110947773
20260427185318,2026-04-27,benchmark_zip_fixed_code_reconstruction,b32,Fiction.LiveBench,False,134.67207284891245,0.11953678407264771
20260427185318,2026-04-27,benchmark_zip_fixed_code_reconstruction,b10,GPQA diamond,False,135.96540062274156,0.11873058942905679
20260427185318,2026-04-27,benchmark_zip_fixed_code_reconstruction,b12,OTIS Mock AIME 2024-2025,False,138.28894320033407,0.22623694815172093
20260427185318,2026-04-27,benchmark_zip_fixed_code_reconstruction,b21,Aider polyglot,False,138.60858780117005,0.16052830449667133
20260427185318,2026-04-27,benchmark_zip_fixed_code_reconstruction,b15,CadEval,False,140.2068798931199,0.10488269157643962
20260427185318,2026-04-27,benchmark_zip_fixed_code_reconstruction,b38,CSQA2,False,142.88036641705972,0.08914658965205072
20260427185318,2026-04-27,benchmark_zip_fixed_code_reconstruction,b34,SWE-Bench Verified (Bash Only),False,142.8998123618834,0.1366974162978473
20260427185318,2026-04-27,benchmark_zip_fixed_code_reconstruction,b27,VPCT,False,145.21573144565986,0.07014476803056546
20260427185318,2026-04-27,benchmark_zip_fixed_code_reconstruction,b14,WeirdML,False,145.34290142846658,0.08104722987740498
20260427185318,2026-04-27,benchmark_zip_fixed_code_reconstruction,b30,ARC-AGI,False,146.12864846919538,0.22636869651938635
20260427185318,2026-04-27,benchmark_zip_fixed_code_reconstruction,b17,Cybench,False,146.45127786822246,0.2071030530174687
20260427185318,2026-04-27,benchmark_zip_fixed_code_reconstruction,b33,OSWorld,False,146.6572402406715,0.13923376971724744
20260427185318,2026-04-27,benchmark_zip_fixed_code_reconstruction,b29,The Agent Company,False,146.89636840865376,0.1449392510375043
20260427185318,2026-04-27,benchmark_zip_fixed_code_reconstruction,b31,DeepResearch Bench,False,147.02639849816572,0.09000176955770965
20260427185318,2026-04-27,benchmark_zip_fixed_code_reconstruction,b35,Terminal Bench,False,148.86915972847711,0.16777167923159722
20260427185318,2026-04-27,benchmark_zip_fixed_code_reconstruction,b18,SimpleBench,False,149.9455296999659,0.11553855760842048
20260427185318,2026-04-27,benchmark_zip_fixed_code_reconstruction,b20,SimpleQA Verified,False,152.42006834778175,0.09126484972726338
20260427185318,2026-04-27,benchmark_zip_fixed_code_reconstruction,b22,Balrog,False,155.9514767044103,0.0457019321576635
20260427185318,2026-04-27,benchmark_zip_fixed_code_reconstruction,b19,FrontierMath-2025-02-28-Private,False,157.49958796632433,0.14247731178694978
20260427185318,2026-04-27,benchmark_zip_fixed_code_reconstruction,b36,Chess Puzzles,False,158.35780500264235,0.13067802425915265
20260427185318,2026-04-27,benchmark_zip_fixed_code_reconstruction,b28,GSO-Bench,False,160.88781163465885,0.16258084281477772
20260427185318,2026-04-27,benchmark_zip_fixed_code_reconstruction,b25,FrontierMath-Tier-4-2025-07-01-Private,False,161.5779618286691,0.20410332335422463
20260505224414,2026-05-05,canonical_eci_csv,b5,LAMBADA,False,39.47657463474364,0.016483811724307528
20260505224414,2026-05-05,canonical_eci_csv,b10,TriviaQA,False,56.82649997032226,0.019976767497526107
20260505224414,2026-05-05,canonical_eci_csv,b7,PIQA,False,79.94696038814882,0.018611317946749917
20260505224414,2026-05-05,canonical_eci_csv,b4,HellaSwag,False,80.95177233327425,0.033573404423967466
20260505224414,2026-05-05,canonical_eci_csv,b26,VideoMME,False,84.40306981092228,0.007884562621872052
20260505224414,2026-05-05,canonical_eci_csv,b8,OpenBookQA,False,106.62592466397317,0.05735598070043288
20260505224414,2026-05-05,canonical_eci_csv,b1,ARC AI2,False,106.72831700224413,0.10535147610716518
20260505224414,2026-05-05,canonical_eci_csv,b3,GSM8K,False,107.0285470402672,0.10952172137523639
20260505224414,2026-05-05,canonical_eci_csv,b24,Lech Mazur Writing,False,107.72133619721708,0.03946954931685965
20260505224414,2026-05-05,canonical_eci_csv,b6,MMLU,False,110.91249863364663,0.07310458525065243
20260505224414,2026-05-05,canonical_eci_csv,b9,Winogrande,True,111.13100080577482,0.04967466232704306
20260505224414,2026-05-05,canonical_eci_csv,b16,ScienceQA,False,111.34972983378266,0.09356195867440306
20260505224414,2026-05-05,canonical_eci_csv,b2,BBH,False,113.92327739510387,0.09711292232341828
20260505224414,2026-05-05,canonical_eci_csv,b23,GeoBench,False,119.7346493784446,0.035746632218216425
20260505224414,2026-05-05,canonical_eci_csv,b12,MATH level 5,False,128.34762669517855,0.1811139843113846
20260505224414,2026-05-05,canonical_eci_csv,b42,ANLI,False,128.70840445321258,0.0738683162298549
20260505224414,2026-05-05,canonical_eci_csv,b32,Fiction.LiveBench,False,135.87766168140757,0.1272615130649084
20260505224414,2026-05-05,canonical_eci_csv,b11,GPQA diamond,False,136.21890184522945,0.11798891419161617
20260505224414,2026-05-05,canonical_eci_csv,b29,SWE-Bench verified,False,136.5838755750371,0.07009172905121953
20260505224414,2026-05-05,canonical_eci_csv,b13,OTIS Mock AIME 2024-2025,False,138.53517631330465,0.22656022389924046
20260505224414,2026-05-05,canonical_eci_csv,b21,Aider polyglot,False,138.99371101034345,0.16653774356480314
20260505224414,2026-05-05,canonical_eci_csv,b15,CadEval,False,140.5274447135065,0.09607179465364567
20260505224414,2026-05-05,canonical_eci_csv,b14,WeirdML,False,145.46506526988273,0.08206065665246903
20260505224414,2026-05-05,canonical_eci_csv,b30,ARC-AGI,False,146.12341434388046,0.22160207131262208
20260505224414,2026-05-05,canonical_eci_csv,b17,Cybench,False,146.37384376781543,0.21044294290725044
20260505224414,2026-05-05,canonical_eci_csv,b33,OSWorld,False,146.53760690688935,0.1356703996919131
20260505224414,2026-05-05,canonical_eci_csv,b31,DeepResearch Bench,False,147.10477839556316,0.08778537740890426
20260505224414,2026-05-05,canonical_eci_csv,b28,The Agent Company,False,147.31763036371953,0.14326038752132025
20260505224414,2026-05-05,canonical_eci_csv,b37,Terminal Bench,False,148.92902893746984,0.1757617615449324
20260505224414,2026-05-05,canonical_eci_csv,b18,SimpleBench,False,150.55654198667835,0.10944626519306745
20260505224414,2026-05-05,canonical_eci_csv,b34,VPCT,False,150.77637876943152,0.3330676848292323
20260505224414,2026-05-05,canonical_eci_csv,b20,SimpleQA Verified,False,152.6039272549371,0.09412588294234776
20260505224414,2026-05-05,canonical_eci_csv,b41,CSQA2,False,153.43198331027583,0.06496317444224316
20260505224414,2026-05-05,canonical_eci_csv,b35,ARC-AGI-2,False,153.49255940155885,0.3666345597861636
20260505224414,2026-05-05,canonical_eci_csv,b22,Balrog,False,156.71154067045265,0.04430652050197868
20260505224414,2026-05-05,canonical_eci_csv,b19,FrontierMath-2025-02-28-Private,False,157.423267457846,0.149129100649921
20260505224414,2026-05-05,canonical_eci_csv,b38,Chess Puzzles,False,158.44132120613193,0.13356097993767344
20260505224414,2026-05-05,canonical_eci_csv,b27,GSO-Bench,False,159.12418284186836,0.19130605315231064
20260505224414,2026-05-05,canonical_eci_csv,b36,HLE,False,159.64405085012922,0.14009541575585946
20260505224414,2026-05-05,canonical_eci_csv,b39,APEX-Agents,False,160.50529597909681,0.15326908062836542
20260505224414,2026-05-05,canonical_eci_csv,b25,FrontierMath-Tier-4-2025-07-01-Private,False,161.1052498178433,0.2148835613919218
20260505224414,2026-05-05,canonical_eci_csv,b40,PostTrainBench,False,168.86103304804513,0.09696294753398366
20260516072913,2026-05-16,canonical_eci_csv,b5,LAMBADA,False,38.58658869322838,0.016310631655914874
20260516072913,2026-05-16,canonical_eci_csv,b10,TriviaQA,False,56.06158480585735,0.019746039857858413
20260516072913,2026-05-16,canonical_eci_csv,b7,PIQA,False,79.49107788597732,0.01841941874209907
20260516072913,2026-05-16,canonical_eci_csv,b4,HellaSwag,False,80.49244710322257,0.03321165891932324
20260516072913,2026-05-16,canonical_eci_csv,b26,VideoMME,False,83.78030709694411,0.007777042271898508
20260516072913,2026-05-16,canonical_eci_csv,b8,OpenBookQA,False,106.45297507748994,0.05670896026229611
20260516072913,2026-05-16,canonical_eci_csv,b1,ARC AI2,False,106.55696739251313,0.10420705633749237
20260516072913,2026-05-16,canonical_eci_csv,b3,GSM8K,False,106.86475667010079,0.10830364367553745
20260516072913,2026-05-16,canonical_eci_csv,b24,Lech Mazur Writing,False,107.78691775173591,0.03957922658928082
20260516072913,2026-05-16,canonical_eci_csv,b6,MMLU,False,110.78528309710964,0.07238245565204061
20260516072913,2026-05-16,canonical_eci_csv,b9,Winogrande,True,111.01129097642256,0.04895676836593418
20260516072913,2026-05-16,canonical_eci_csv,b16,ScienceQA,False,111.23732973479126,0.09252527353165182
20260516072913,2026-05-16,canonical_eci_csv,b2,BBH,False,113.82450178840534,0.09616372020787273
20260516072913,2026-05-16,canonical_eci_csv,b23,GeoBench,False,119.72248320163682,0.03574196793405654
20260516072913,2026-05-16,canonical_eci_csv,b12,MATH level 5,False,128.3453260198844,0.1812900342394485
20260516072913,2026-05-16,canonical_eci_csv,b42,ANLI,False,128.76721290464138,0.07315630890568188
20260516072913,2026-05-16,canonical_eci_csv,b32,Fiction.LiveBench,False,135.8541116309461,0.12729513952190843
20260516072913,2026-05-16,canonical_eci_csv,b11,GPQA diamond,False,136.24163113270748,0.1173855050817268
20260516072913,2026-05-16,canonical_eci_csv,b29,SWE-Bench verified,False,136.51562476671998,0.06996658208943271
20260516072913,2026-05-16,canonical_eci_csv,b13,OTIS Mock AIME 2024-2025,False,138.50982135971338,0.22714447525192494
20260516072913,2026-05-16,canonical_eci_csv,b21,Aider polyglot,False,138.96677524265468,0.16691864532350623
20260516072913,2026-05-16,canonical_eci_csv,b15,CadEval,False,140.49318051199555,0.09635680386862171
20260516072913,2026-05-16,canonical_eci_csv,b14,WeirdML,False,145.41634555019183,0.08306568572235758
20260516072913,2026-05-16,canonical_eci_csv,b30,ARC-AGI,False,146.0900231602993,0.22101449001539997
20260516072913,2026-05-16,canonical_eci_csv,b17,Cybench,False,146.35798326691062,0.20918540933242533
20260516072913,2026-05-16,canonical_eci_csv,b33,OSWorld,False,146.46774511216816,0.1379097664734305
20260516072913,2026-05-16,canonical_eci_csv,b31,DeepResearch Bench,False,147.10411813452163,0.08729563458886662
20260516072913,2026-05-16,canonical_eci_csv,b28,The Agent Company,False,147.27788063194905,0.14356776540191105
20260516072913,2026-05-16,canonical_eci_csv,b37,Terminal Bench,False,149.09783786493378,0.16585286338848
20260516072913,2026-05-16,canonical_eci_csv,b18,SimpleBench,False,150.565574741665,0.10834123463310782
20260516072913,2026-05-16,canonical_eci_csv,b34,VPCT,False,150.80322014284835,0.3302456373601969
20260516072913,2026-05-16,canonical_eci_csv,b20,SimpleQA Verified,False,153.23404065444748,0.095363734424151
20260516072913,2026-05-16,canonical_eci_csv,b35,ARC-AGI-2,False,153.4817776160882,0.3581109346718303
20260516072913,2026-05-16,canonical_eci_csv,b22,Balrog,False,153.90366840277915,0.05058245579472475
20260516072913,2026-05-16,canonical_eci_csv,b41,CSQA2,False,154.04073640838058,0.06385329733203678
20260516072913,2026-05-16,canonical_eci_csv,b19,FrontierMath-2025-02-28-Private,False,157.54676550328637,0.142524646349051
20260516072913,2026-05-16,canonical_eci_csv,b39,Chess Puzzles,False,158.19263280636986,0.13678177468946776
20260516072913,2026-05-16,canonical_eci_csv,b36,HLE,False,160.0497662538777,0.13730599276234795
20260516072913,2026-05-16,canonical_eci_csv,b27,GSO-Bench,False,160.41905840867403,0.16903347690455214
20260516072913,2026-05-16,canonical_eci_csv,b38,APEX-Agents,False,161.18423456290077,0.13651241842388862
20260516072913,2026-05-16,canonical_eci_csv,b25,FrontierMath-Tier-4-2025-07-01-Private,False,161.59435532500387,0.2052654564057176
20260516072913,2026-05-16,canonical_eci_csv,b40,PostTrainBench,False,169.08975619505026,0.09592633786119646
20260610165052,2026-06-10,benchmark_zip_fixed_code_reconstruction,b5,LAMBADA,False,33.42418283828796,0.015604544582821536
20260610165052,2026-06-10,benchmark_zip_fixed_code_reconstruction,b13,TriviaQA,False,51.027861856885465,0.018630525104909954
20260610165052,2026-06-10,benchmark_zip_fixed_code_reconstruction,b7,PIQA,False,76.21795995212867,0.017452367802676175
20260610165052,2026-06-10,benchmark_zip_fixed_code_reconstruction,b4,HellaSwag,False,77.78175456332625,0.03216688153828216
20260610165052,2026-06-10,benchmark_zip_fixed_code_reconstruction,b8,OpenBookQA,False,102.69330831791476,0.07662519954347657
20260610165052,2026-06-10,benchmark_zip_fixed_code_reconstruction,b1,ARC AI2,False,104.39828576118192,0.09921006991544602
20260610165052,2026-06-10,benchmark_zip_fixed_code_reconstruction,b3,GSM8K,False,104.9471919083516,0.0984669408753849
20260610165052,2026-06-10,benchmark_zip_fixed_code_reconstruction,b9,Winogrande,True,109.0807698572859,0.046069100559424286
20260610165052,2026-06-10,benchmark_zip_fixed_code_reconstruction,b6,MMLU,False,109.28429887007795,0.06700833759364327
20260610165052,2026-06-10,benchmark_zip_fixed_code_reconstruction,b24,Lech Mazur Writing,False,109.46151488142888,0.04185547992588216
20260610165052,2026-06-10,benchmark_zip_fixed_code_reconstruction,b26,VideoMME,False,110.32021136954482,0.014085043587801514
20260610165052,2026-06-10,benchmark_zip_fixed_code_reconstruction,b16,ScienceQA,False,110.5349624863109,0.080104923800275
20260610165052,2026-06-10,benchmark_zip_fixed_code_reconstruction,b2,BBH,False,112.61467951631145,0.08680677152626577
20260610165052,2026-06-10,benchmark_zip_fixed_code_reconstruction,b23,GeoBench,False,120.56863575543677,0.03748890078080331
20260610165052,2026-06-10,benchmark_zip_fixed_code_reconstruction,b36,ANLI,False,127.83275244483842,0.06825131344099514
20260610165052,2026-06-10,benchmark_zip_fixed_code_reconstruction,b11,MATH level 5,False,127.98540478620767,0.17874705656841944
20260610165052,2026-06-10,benchmark_zip_fixed_code_reconstruction,b32,Fiction.LiveBench,False,134.58712666478652,0.12146450772873346
20260610165052,2026-06-10,benchmark_zip_fixed_code_reconstruction,b10,GPQA diamond,False,135.80751857325748,0.12024366719289951
20260610165052,2026-06-10,benchmark_zip_fixed_code_reconstruction,b12,OTIS Mock AIME 2024-2025,False,138.12979225628155,0.2335741763437909
20260610165052,2026-06-10,benchmark_zip_fixed_code_reconstruction,b21,Aider polyglot,False,138.4206274951625,0.1622740262014991
20260610165052,2026-06-10,benchmark_zip_fixed_code_reconstruction,b15,CadEval,False,140.06075130620076,0.10524432711716036
20260610165052,2026-06-10,benchmark_zip_fixed_code_reconstruction,b37,CSQA2,False,140.58216264495175,0.09294367595585733
20260610165052,2026-06-10,benchmark_zip_fixed_code_reconstruction,b27,VPCT,False,145.00251613930217,0.0722508916581761
20260610165052,2026-06-10,benchmark_zip_fixed_code_reconstruction,b14,WeirdML,False,145.15622316091896,0.08205901616661139
20260610165052,2026-06-10,benchmark_zip_fixed_code_reconstruction,b30,ARC-AGI,False,145.83952289527633,0.22465030540430364
20260610165052,2026-06-10,benchmark_zip_fixed_code_reconstruction,b33,OSWorld,False,145.9034451454044,0.14582025257972678
20260610165052,2026-06-10,benchmark_zip_fixed_code_reconstruction,b17,Cybench,False,146.06356619993144,0.20153352062741656
20260610165052,2026-06-10,benchmark_zip_fixed_code_reconstruction,b29,The Agent Company,False,146.1832818491036,0.15426023884872467
20260610165052,2026-06-10,benchmark_zip_fixed_code_reconstruction,b31,DeepResearch Bench,False,146.87989017209946,0.08359577112966902
20260610165052,2026-06-10,benchmark_zip_fixed_code_reconstruction,b34,Terminal Bench,False,148.4801822272205,0.1678542704527856
20260610165052,2026-06-10,benchmark_zip_fixed_code_reconstruction,b18,SimpleBench,False,150.10426719545396,0.10979494316326066
20260610165052,2026-06-10,benchmark_zip_fixed_code_reconstruction,b20,SimpleQA Verified,False,152.54442973119535,0.10080016386036439
20260610165052,2026-06-10,benchmark_zip_fixed_code_reconstruction,b22,Balrog,False,153.70678725339027,0.050997577763015105
20260610165052,2026-06-10,benchmark_zip_fixed_code_reconstruction,b19,FrontierMath-2025-02-28-Private,False,157.51892666373323,0.13574552573503879
20260610165052,2026-06-10,benchmark_zip_fixed_code_reconstruction,b35,Chess Puzzles,False,158.0251505184603,0.13271064219543993
20260610165052,2026-06-10,benchmark_zip_fixed_code_reconstruction,b28,GSO-Bench,False,160.69027690071007,0.15960811161978786
20260610165052,2026-06-10,benchmark_zip_fixed_code_reconstruction,b25,FrontierMath-Tier-4-2025-07-01-Private,False,161.92106774292415,0.20010196623289886
20260616024413,2026-06-16,canonical_eci_csv,b10,TriviaQA,False,56.89452947239948,0.020755570909839777
20260616024413,2026-06-16,canonical_eci_csv,b5,LAMBADA,False,58.72566818178919,0.02132194409702213
20260616024413,2026-06-16,canonical_eci_csv,b7,PIQA,False,85.77194294852745,0.02182747661420252
20260616024413,2026-06-16,canonical_eci_csv,b4,HellaSwag,False,86.47338720792831,0.04082442819943025
20260616024413,2026-06-16,canonical_eci_csv,b8,OpenBookQA,False,105.80176435646487,0.08816645645695671
20260616024413,2026-06-16,canonical_eci_csv,b3,GSM8K,False,105.85647415700502,0.1040882109734805
20260616024413,2026-06-16,canonical_eci_csv,b1,ARC AI2,False,106.41905282151818,0.09803757992627044
20260616024413,2026-06-16,canonical_eci_csv,b24,Lech Mazur Writing,False,107.8624974377964,0.03983903321935031
20260616024413,2026-06-16,canonical_eci_csv,b9,Winogrande,True,110.54200128309316,0.05075072722079141
20260616024413,2026-06-16,canonical_eci_csv,b6,MMLU,False,110.73694487666697,0.07528736623898609
20260616024413,2026-06-16,canonical_eci_csv,b16,ScienceQA,False,111.23144636309001,0.09481541290540449
20260616024413,2026-06-16,canonical_eci_csv,b2,BBH,False,113.74094374389273,0.09903676128308919
20260616024413,2026-06-16,canonical_eci_csv,b23,GeoBench,False,119.72921536965275,0.03601198888182093
20260616024413,2026-06-16,canonical_eci_csv,b42,ANLI,False,127.5568296009789,0.0776314918082865
20260616024413,2026-06-16,canonical_eci_csv,b12,MATH level 5,False,128.30628203910894,0.1814968152347542
20260616024413,2026-06-16,canonical_eci_csv,b31,Fiction.LiveBench,False,135.75104016926232,0.1273577644128044
20260616024413,2026-06-16,canonical_eci_csv,b11,GPQA diamond,False,136.08958281724946,0.11856641736881704
20260616024413,2026-06-16,canonical_eci_csv,b28,SWE-Bench verified,False,136.5698380329983,0.07059629263827331
20260616024413,2026-06-16,canonical_eci_csv,b13,OTIS Mock AIME 2024-2025,False,138.4050730042932,0.22963700323498257
20260616024413,2026-06-16,canonical_eci_csv,b21,Aider polyglot,False,138.85363398206144,0.16839730350031168
20260616024413,2026-06-16,canonical_eci_csv,b15,CadEval,False,140.37350129153845,0.09691064775409118
20260616024413,2026-06-16,canonical_eci_csv,b14,WeirdML,False,145.3361230580304,0.08432001043685945
20260616024413,2026-06-16,canonical_eci_csv,b29,ARC-AGI,False,145.93392997181547,0.22534233664720846
20260616024413,2026-06-16,canonical_eci_csv,b17,Cybench,False,145.98881567260366,0.22023851846312006
20260616024413,2026-06-16,canonical_eci_csv,b32,OSWorld,False,146.15603657035194,0.13969789681851422
20260616024413,2026-06-16,canonical_eci_csv,b30,DeepResearch Bench,False,146.8602678352393,0.08766456577665505
20260616024413,2026-06-16,canonical_eci_csv,b27,The Agent Company,False,147.04425301810073,0.14588091106707687
20260616024413,2026-06-16,canonical_eci_csv,b40,Terminal Bench,False,148.7365391642083,0.1679438296260383
20260616024413,2026-06-16,canonical_eci_csv,b18,SimpleBench,False,150.21595569727216,0.11014408826819791
20260616024413,2026-06-16,canonical_eci_csv,b36,FrontierMath-Tiers-1-3-v2-Private,False,150.26175374973207,0.1727722941035291
20260616024413,2026-06-16,canonical_eci_csv,b33,VPCT,False,150.50253611948185,0.3406841822779999
20260616024413,2026-06-16,canonical_eci_csv,b20,SimpleQA Verified,False,153.09166556221143,0.0980251421933842
20260616024413,2026-06-16,canonical_eci_csv,b34,ARC-AGI-2,False,153.18045382018212,0.3662219313931888
20260616024413,2026-06-16,canonical_eci_csv,b22,Balrog,False,153.509969485426,0.05115404368127353
20260616024413,2026-06-16,canonical_eci_csv,b37,FrontierMath-Tier-4-v2-Private,False,156.69857606204104,0.3058805062379236
20260616024413,2026-06-16,canonical_eci_csv,b19,FrontierMath-2025-02-28-Private,False,157.29804927437453,0.14404947999597364
20260616024413,2026-06-16,canonical_eci_csv,b38,Chess Puzzles,False,159.25318306564753,0.12280949093948974
20260616024413,2026-06-16,canonical_eci_csv,b35,HLE,False,159.48904962299903,0.14104713743954755
20260616024413,2026-06-16,canonical_eci_csv,b26,GSO-Bench,False,160.10343757262265,0.16892503405870277
20260616024413,2026-06-16,canonical_eci_csv,b39,APEX-Agents,False,160.23437487283033,0.1427488807825698
20260616024413,2026-06-16,canonical_eci_csv,b25,FrontierMath-Tier-4-2025-07-01-Private,False,161.38234313323284,0.2081293226712162
20260616024413,2026-06-16,canonical_eci_csv,b41,PostTrainBench,False,166.66832429944265,0.10609720566684926
20260716153134,2026-07-16,canonical_eci_csv,b13,TriviaQA,False,58.00245814246972,0.02110363086415954
20260716153134,2026-07-16,canonical_eci_csv,b9,LAMBADA,False,59.85329003496693,0.021696298249317604
20260716153134,2026-07-16,canonical_eci_csv,b10,PIQA,False,86.49133062126847,0.022262975825765356
20260716153134,2026-07-16,canonical_eci_csv,b8,HellaSwag,False,87.19971304701242,0.04169983028501346
20260716153134,2026-07-16,canonical_eci_csv,b11,OpenBookQA,False,106.11423913078332,0.09017850650931901
20260716153134,2026-07-16,canonical_eci_csv,b7,GSM8K,False,106.15879015250457,0.10652788828688031
20260716153134,2026-07-16,canonical_eci_csv,b5,ARC AI2,False,106.71745619198056,0.10021429565959139
20260716153134,2026-07-16,canonical_eci_csv,b1,Lech Mazur Writing,False,109.83939837963473,0.04248199342992624
20260716153134,2026-07-16,canonical_eci_csv,b12,Winogrande,True,110.74080181377754,0.052275864651702954
20260716153134,2026-07-16,canonical_eci_csv,b2,MMLU,False,110.93847798935539,0.07683132800094218
20260716153134,2026-07-16,canonical_eci_csv,b19,ScienceQA,False,111.44481287464818,0.09670467156725164
20260716153134,2026-07-16,canonical_eci_csv,b6,BBH,False,113.86948699151037,0.10112472625196882
20260716153134,2026-07-16,canonical_eci_csv,b26,GeoBench,False,119.95587499264228,0.03647356196405829
20260716153134,2026-07-16,canonical_eci_csv,b52,ANLI,False,127.39972364192128,0.07932934287009788
20260716153134,2026-07-16,canonical_eci_csv,b15,MATH level 5,False,128.30693388713652,0.18178399836446338
20260716153134,2026-07-16,canonical_eci_csv,b34,Fiction.LiveBench,False,135.76572263563844,0.12865290281955455
20260716153134,2026-07-16,canonical_eci_csv,b14,GPQA diamond,False,136.05366573066033,0.11949122898910738
20260716153134,2026-07-16,canonical_eci_csv,b31,SWE-Bench verified,False,136.51958739604768,0.07207311678601198
20260716153134,2026-07-16,canonical_eci_csv,b16,OTIS Mock AIME 2024-2025,False,138.3656082516458,0.23100454983527136
20260716153134,2026-07-16,canonical_eci_csv,b24,Aider polyglot,False,138.8431688778697,0.16851977961969097
20260716153134,2026-07-16,canonical_eci_csv,b18,CadEval,False,140.35087848414682,0.09719956255127203
20260716153134,2026-07-16,canonical_eci_csv,b17,WeirdML,False,145.4312973460037,0.08493578279818961
20260716153134,2026-07-16,canonical_eci_csv,b32,ARC-AGI,False,145.92686274976316,0.22461558397288242
20260716153134,2026-07-16,canonical_eci_csv,b20,Cybench,False,146.02777431858328,0.21445261021982945
20260716153134,2026-07-16,canonical_eci_csv,b35,OSWorld,False,146.26382742474578,0.13455792142515388
20260716153134,2026-07-16,canonical_eci_csv,b3,The Agent Company,False,146.9638099025985,0.14754220151475791
20260716153134,2026-07-16,canonical_eci_csv,b45,Terminal Bench,False,148.67719677572296,0.16799951404862845
20260716153134,2026-07-16,canonical_eci_csv,b22,FrontierMath-2025-02-28-Private,False,150.1025501693848,0.24262367269739163
20260716153134,2026-07-16,canonical_eci_csv,b37,FrontierMath-Tiers-1-3-v2-Private,False,150.19528471281637,0.18034316714014173
20260716153134,2026-07-16,canonical_eci_csv,b29,VPCT,False,150.57067439920817,0.3344551439871171
20260716153134,2026-07-16,canonical_eci_csv,b21,SimpleBench,False,151.0972625885188,0.10008632352576168
20260716153134,2026-07-16,canonical_eci_csv,b42,CursorBench,False,152.22081466031358,0.10332114749717569
20260716153134,2026-07-16,canonical_eci_csv,b36,ARC-AGI-2,False,153.33600730666544,0.35284532156188614
20260716153134,2026-07-16,canonical_eci_csv,b25,Balrog,False,153.40533558136545,0.051398870408594054
20260716153134,2026-07-16,canonical_eci_csv,b23,SimpleQA Verified,False,154.01931211922357,0.08502926456796589
20260716153134,2026-07-16,canonical_eci_csv,b33,DeepResearch Bench,False,155.560774177329,0.029181398371294763
20260716153134,2026-07-16,canonical_eci_csv,b38,FrontierMath-Tier-4-v2-Private,False,156.36098553005738,0.29579386875850616
20260716153134,2026-07-16,canonical_eci_csv,b47,GDPval,False,156.4071040239186,0.07514953533936551
20260716153134,2026-07-16,canonical_eci_csv,b43,GBAEval,False,157.39155079048356,0.4346576482951177
20260716153134,2026-07-16,canonical_eci_csv,b28,FrontierMath-Tier-4-2025-07-01-Private,False,158.55352224682827,0.2329253447224563
20260716153134,2026-07-16,canonical_eci_csv,b39,Chess Puzzles,False,159.00085985300436,0.12597543577896414
20260716153134,2026-07-16,canonical_eci_csv,b4,HLE,False,159.38919034066836,0.14466245281929335
20260716153134,2026-07-16,canonical_eci_csv,b30,GSO-Bench,False,159.63084375273098,0.18055695186418752
20260716153134,2026-07-16,canonical_eci_csv,b41,APEX-Agents,False,160.19363642209294,0.1412363570634716
20260716153134,2026-07-16,canonical_eci_csv,b46,ExploitBench,False,163.68805269661078,0.10732307910421059
20260716153134,2026-07-16,canonical_eci_csv,b40,EBR-bench,False,165.0292603619081,0.16161088069206844
20260716153134,2026-07-16,canonical_eci_csv,b27,CritPt,False,165.33502008572685,0.16079003248085608
20260716153134,2026-07-16,canonical_eci_csv,b48,PostTrainBench,False,167.24729729274213,0.09893110424491415
20260716153134,2026-07-16,canonical_eci_csv,b44,Remote Labor Index,False,171.0427993399081,0.1758505590025764
20260716153134,2026-07-16,canonical_eci_csv,b51,OSWorld 2.0,False,171.30908464242123,0.1184926121085912
20260716153134,2026-07-16,canonical_eci_csv,b50,CL-bench Life,False,175.05609933313193,0.07544524686886746
20260716153134,2026-07-16,canonical_eci_csv,b49,CL-bench,False,181.5171749785328,0.04619511153048016
