benchmark,edi,discriminability_scaled,benchmark_release_date,is_anchor,edi_ci_low,edi_ci_high,discriminability_scaled_ci_low,discriminability_scaled_ci_high
TriviaQA,57.78790145537171,0.021035832814398893,2017-05-09,False,19.673866546375734,83.58476647038717,0.012759238466635422,0.03941102585801501
LAMBADA,59.58404203022842,0.02159335822547447,2016-06-20,False,27.062898972761058,81.22045126027565,0.013457194135632641,0.038043741888879885
PIQA,86.39063178979085,0.022211077695673948,2019-11-26,False,70.37772501030243,94.62159797405613,0.016441960808974327,0.0283931747828869
HellaSwag,87.10163934508338,0.04160388993328406,2019-05-19,False,70.41670314355594,95.76390864411997,0.028526873425546037,0.05786773237034584
OpenBookQA,106.05977156913892,0.08998050048005665,2018-09-08,False,96.75175783886867,111.38759025692686,0.06554156777024592,0.12517674549818567
GSM8K,106.1044350707463,0.10629214626548433,2021-10-27,False,96.8570208293756,111.08210364538247,0.08260840983197391,0.15310145548999576
ARC AI2,106.66430110242996,0.0999938691505275,2018-03-14,False,97.6340276374989,111.27131151606451,0.08104840406230175,0.1404471223502896
Lech Mazur Writing,107.75570148475059,0.038332966679509736,2025-01-31,False,82.77544734552772,115.37076107053156,0.02230334860950298,0.05099308173549908
Winogrande,110.69582717286775,0.05217336857850293,2019-07-24,True,101.98907457221524,115.27257950927961,0.043792626151273606,0.06340869929530407
MMLU,110.89453307664286,0.07666265795188558,2020-09-07,False,102.56237041125324,114.90224843440622,0.061010012722606755,0.09726045718611744
ScienceQA,111.40198753581831,0.09649785031358352,2022-09-20,False,102.26458781476403,117.59045029874424,0.05724940424216727,0.14241430841337488
BBH,113.83227419512669,0.10090218106839814,2022-10-17,False,105.41685879040816,117.4963437947267,0.07980579803671461,0.13272472641230776
GeoBench,119.92508347017042,0.03640748911360499,2025-03-01,False,90.95215409578388,127.64929058805922,0.014520926397053853,0.058640012335375
ANLI,127.39217804988618,0.07915787846707593,2019-10-31,False,121.12537994803719,143.24099932466706,0.030181039919051487,0.13509935454864958
MATH level 5,128.29850245068874,0.18147462953679191,2021-03-05,False,123.09320484381277,129.5588008637397,0.14462441050435942,0.20978805520186097
Fiction.LiveBench,135.69312880742376,0.1281045921508225,2025-02-21,False,132.27449354817503,137.57356089809102,0.09745039862362273,0.17050201410744353
GPQA diamond,136.05251177809424,0.1193547740808621,2023-11-20,False,132.88330244013343,136.94121907525084,0.09807203124697317,0.13088695394923383
SWE-Bench verified,136.43647472985748,0.07170148124320594,2024-08-13,False,125.0992049759414,138.3787393294346,0.040880559047847695,0.08323642563799255
OTIS Mock AIME 2024-2025,138.3704021402081,0.23115953678272003,2024-12-19,False,135.43952386431948,139.36328321605166,0.18806926401055762,0.25937892912068583
Aider polyglot,138.8535305479521,0.16825134472538444,2024-12-21,False,135.82289319611976,140.00674761590537,0.13505451685365233,0.2144427171968463
CadEval,140.35779384016382,0.09709197674900778,2025-04-22,False,137.58136402251242,142.06604522819123,0.06836211278994285,0.1400571034508173
WeirdML,145.42842515959214,0.08485489477648986,2025-01-16,False,143.66007679242188,146.2448306898348,0.0685843195779325,0.09501796340882258
ARC-AGI,145.93310185405088,0.22530237583817497,2019-11-05,False,144.26527459293547,146.93232946967885,0.18542827276921695,0.27013889774633626
Cybench,146.04256795672921,0.21470435398996104,2024-08-15,False,144.15324778626777,148.63564240310438,0.11547507289190716,0.30028570839234325
OSWorld,146.28018415382564,0.1345941330121353,2024-04-11,False,142.11381835802356,149.56253747077665,0.06897478808788692,0.300706910604411
The Agent Company,146.9947541844834,0.14724313257409274,2024-12-18,False,144.49648797270729,150.0015159131107,0.10173469927097012,0.19082179585220793
Surface Evolver Bench,147.78640597513407,0.15488673912308104,,False,145.09531307733198,150.32916656013987,0.11090623847206559,0.24005366350242938
Terminal Bench,148.7350083472917,0.16917706760565,2025-05-19,False,147.29303819141307,149.76060171389142,0.12638361383677002,0.20237143566643356
FrontierMath-2025-02-28-Private,150.12933164056562,0.24248669590906965,2025-02-28,False,148.58265062895663,151.68919525237985,0.18075444745967673,0.32062193723057986
FrontierMath-Tiers-1-3-v2-Private,150.1430783778614,0.17798083346026033,,False,148.81427234451957,151.4533609920053,0.13462047862818943,0.21188694169594277
VPCT,150.58366703149144,0.3343586802106411,2025-01-30,False,149.3055550374719,153.39412269622125,0.1849859054452683,0.5199619429612079
SimpleBench,151.1668687122975,0.10045817943047762,2024-10-31,False,149.42121156017174,152.85435171164198,0.08141342375187524,0.11939474580492236
CursorBench,152.23658929094336,0.10456940774515695,,False,148.3627411078747,154.0546535308425,0.053845128363967744,0.13528222636516216
ARC-AGI-2,153.34082015471708,0.35176785710439124,,False,151.91103834454924,154.8406721977284,0.2740950441454225,0.42678299259934654
Balrog,153.43664033270707,0.05132949749072038,2024-11-20,False,150.1920406521784,158.62225780775796,0.03625916697687679,0.06358024577877155
SimpleQA Verified,154.29583359928256,0.0847405168373799,,False,152.06427157886026,156.622466916323,0.06330407069614692,0.12028922744486226
DeepResearch Bench,155.63332967054563,0.029017310698446853,2025-06-13,False,150.41987130502704,170.17292626282145,0.00937501895814398,0.0503912320026252
GDPval,156.42623326338247,0.07506564536041872,,False,153.12815071393925,171.34719132735611,0.023708271091816332,0.13365512313124214
FrontierMath-Tier-4-v2-Private,156.44113403965167,0.29097739662169764,,False,154.72628346398025,158.78087761413423,0.21036041507540154,0.3627351910677241
GBAEval,157.51649422506955,0.4219480202340617,,False,155.49393724042093,160.52000530638466,0.254582116862289,0.6297295470692694
FrontierMath-Tier-4-2025-07-01-Private,158.57316030778648,0.23315135510075707,,False,154.5184097721912,166.32509580810463,0.13579628926604234,0.3577409119837652
Chess Puzzles,159.32724986818775,0.12139374521975015,,False,156.97390993171737,163.15404425875275,0.08656162119078982,0.15433452885205537
HLE,159.45867816119562,0.1440095692176941,,False,157.36541660755768,162.80068897846002,0.11064411484165326,0.17157092567764726
GSO-Bench,159.73215527045824,0.17896266548563144,2025-05-29,False,157.23827404312047,163.84676050995455,0.12756530579526099,0.2405121055781822
FrontierCode,160.02274146338607,0.10176578056442542,,False,157.56888545055043,164.04552607945027,0.05726045877779617,0.13767267695914348
APEX-Agents,160.51604068146193,0.13721258287826024,,False,158.19815703267815,164.07816978301616,0.10386782910004438,0.1646059428315108
ExploitBench,163.78421137195926,0.10688929049658402,,False,160.88861824866328,175.84335310003198,0.05400954935619495,0.1406555385525182
EBR-bench,165.21793179670945,0.1594273647307516,,False,162.1380335487366,173.2650309006358,0.09371882829373951,0.21327099360601093
CritPt,165.3112161074219,0.1602355793903173,,False,162.4008939419233,169.91595583740713,0.12413846051303462,0.1963677752118734
PostTrainBench,167.5666380139289,0.09704435965205675,,False,163.2880822054306,177.99760810473649,0.05703948565910064,0.12743219873645806
OSWorld 2.0,170.9443987656706,0.12263544635853155,,False,164.28521734046,183.558905780725,0.06924630909944032,0.1869657433552711
Remote Labor Index,171.39100430960292,0.1735567658555899,,False,167.54721063622148,186.45798895240011,0.10440432943328416,0.21339831005262552
CL-bench Life,175.494971974855,0.07397650444977745,,False,169.98727430443958,187.2136536872538,0.05105658046022156,0.09554083307731201
CL-bench,181.85831186458535,0.045736579726568825,,False,173.25063671187542,199.15593455536546,0.029808382602565065,0.06159472586903595
