panel,coverage_models,eligible,component_n,component_families,component_median_factor,component_geomean_factor,component_rmse_log10,component_p80_factor,component_bias_factor,component_within_2x,eci_n,eci_families,eci_median_factor,eci_geomean_factor,eci_rmse_log10,eci_p80_factor,eci_bias_factor,eci_within_2x,component_win_rate,paired_mean_abs_log10_delta_component_minus_eci,paired_delta_ci_low,paired_delta_ci_high,bootstrap_probability_component_better
GSM8K,37,True,21,12,1.9000892918826324,2.0548233719860147,0.37774768122303043,2.9647799857989985,1.6560989546875584,0.5238095238095238,21,12,1.8868119380993784,2.131070163237615,0.40381074802531813,3.0875129752973605,1.3748897236098037,0.5714285714285714,0.47619047619047616,-0.015823251801733162,-0.07053247336570422,0.03787050144271877,0.66625
HellaSwag,35,True,21,13,2.035674782375436,2.370996377712873,0.48565173777117426,3.842118043949819,0.8771817667750407,0.42857142857142855,21,13,2.9484351593702547,2.9398196432683945,0.5723718822712492,6.418547596351889,1.2032804543351885,0.42857142857142855,0.6190476190476191,-0.09338979695496963,-0.21434975075910764,0.07055286261408793,0.79425
TriviaQA,24,True,12,8,2.149245468765657,2.4900929591087126,0.49187454379271306,4.338734591630211,0.5143495199974034,0.4166666666666667,12,8,2.634944381723438,2.9668638776857916,0.5701516957002177,5.524274673155205,0.9133911755026604,0.4166666666666667,0.75,-0.07608206066428769,-0.19318334582007,0.08597844278972615,0.75075
pretraining_like_composite,51,True,39,20,1.9805483129753405,2.5620038842189596,0.49370711202592316,4.112571493484976,1.0265260692655003,0.5128205128205128,39,20,2.016151990702569,2.6154186285167533,0.5049360938905157,5.4040370080662825,1.0873007029745998,0.48717948717948717,0.5128205128205128,-0.008961428870522647,-0.037673739799549584,0.017496489565225908,0.71175
Winogrande,41,True,27,15,3.100580935581959,2.9039752824793377,0.5631735048370105,4.595952766010633,0.879582945639467,0.37037037037037035,27,15,3.0506827931294587,3.0595249601344205,0.5726539068891225,6.770626345979491,1.084313895224038,0.37037037037037035,0.5555555555555556,-0.02266108510050885,-0.09104262381507017,0.055290978064498834,0.6795
MMLU,58,True,46,23,2.4466621974543967,2.830258667541394,0.5648924113791645,4.888894579762331,0.8835586244507342,0.43478260869565216,46,23,2.1033653716860155,2.571951091927279,0.4945084177291149,5.833342134020403,1.0825138977514421,0.4782608695652174,0.43478260869565216,0.041563423264278865,-0.005221684282569093,0.09442458999786822,0.0715
ARC AI2,44,True,29,16,2.411402440840615,2.94390474067,0.5755529326712331,5.992591216792434,1.024169334970011,0.4482758620689655,29,16,2.216113514336843,2.745574425945051,0.5417880692981928,5.8557612993785675,1.0900020687766034,0.4827586206896552,0.27586206896551724,0.030290532036136852,-0.009557297919873389,0.06435036872784593,0.102
MATH level 5,29,True,15,10,2.5545744150971954,3.1874595283927545,0.5757306944835809,5.541281012773798,0.5416324892398781,0.26666666666666666,15,10,1.8197679132096305,2.4597047334167987,0.47420087417211737,4.471909912238538,0.7686274144918719,0.5333333333333333,0.2,0.11256170229869567,0.04477209941993786,0.16283143343418738,0.00675
BBH,30,True,15,9,1.7779958352181733,2.789284765316928,0.5787169504133197,5.471947382590274,0.957240415168316,0.5333333333333333,15,9,1.9582851720630294,2.807309877313113,0.5455395502155008,5.24952538309531,1.1526508961353934,0.5333333333333333,0.4666666666666667,-0.0027974989232706915,-0.05924279257074168,0.051165507849981494,0.51675
knowledge_composite,53,True,39,21,3.0199561712348357,3.1254015177951735,0.5791728373792033,6.437625368333773,0.751431204061268,0.3333333333333333,39,21,2.5829352339076967,2.9473838434479998,0.5434458178822658,6.386563636813635,0.8203430978109383,0.3076923076923077,0.41025641025641024,0.02546912018766595,-0.006864754833769934,0.05705383841995063,0.103
GPQA diamond,42,True,28,14,3.157856580106662,3.3620071557088056,0.6005872835487492,6.2881261279496785,0.4150040772047381,0.25,28,14,1.9839264380581054,2.290625807606088,0.42423433056562077,3.4852124177336328,0.7522249902001734,0.5,0.21428571428571427,0.166644484017979,0.03759917987721226,0.2517803929302763,0.01475
PIQA,31,True,19,13,3.310878423760384,3.189094078972179,0.6104514319519484,5.040128576376867,0.7175604277278589,0.3157894736842105,19,13,2.2938952165334503,2.9989952993613094,0.5572251166642692,5.853174212955628,0.898993595424071,0.3157894736842105,0.47368421052631576,0.026691546169111402,-0.030863896844614123,0.08151107562999214,0.20525
WeirdML,27,True,15,9,3.974734467175286,3.6660399516176967,0.6207752804723419,5.336607184876718,0.853051310100949,0.2,15,9,2.6857833811248533,3.011665193924456,0.5373577259695759,5.213652476938834,1.1333212353687252,0.2,0.26666666666666666,0.08539050368645867,-0.0342756093998323,0.1674289569469293,0.116
OTIS Mock AIME 2024-2025,35,True,23,11,3.4929628271901505,3.7331818516888045,0.6367633638520722,6.888851188241026,0.44993293500005455,0.17391304347826086,23,11,2.4339559480720343,2.7668072182436174,0.5122592195802801,3.9597493844749994,0.6013164740990984,0.30434782608695654,0.17391304347826086,0.13010024587661667,0.05630742531972238,0.1725819764421381,0.005
OpenBookQA,24,True,10,6,3.038891674540357,3.524121430588309,0.6492740082789269,8.081915671107081,1.8940415526894359,0.4,10,6,2.9933062782962923,3.246863250980345,0.5790732611859559,6.751775567561265,1.8676183880996753,0.3,0.5,0.03558686676216538,-0.016975228348846405,0.15854792680116658,0.18075
SimpleBench,16,False,3,3,1.5143471179972054,1.3801146794127892,0.16259524255639712,1.5889007968669164,1.0079186961379005,1.0,3,3,1.440464747949712,1.6623706350034326,0.25839259298613365,2.031308008927079,0.6015505681727439,0.6666666666666666,0.6666666666666666,-0.08081268345498613,-0.17533740229845693,0.0137120353884847,0.8575
LAMBADA,16,False,2,1,1.8811536342935393,1.8811536342935393,0.27455329876618223,1.9031548146955246,0.5315886920504217,1.0,2,1,4.586689794000852,4.586689794000852,0.6623632734115666,4.806074154186136,4.586689794000852,0.0,1.0,,,,
CritPt,17,False,5,3,2.6014899144312036,2.7135414971121485,0.4812105457904364,3.430562185690257,0.460180000942354,0.4,5,3,3.012101438855718,2.9024617379612203,0.5087329295214721,3.9492147735636713,0.34453511890304234,0.2,0.4,-0.029230035851661895,-0.1817588600381605,0.06556178372004251,0.70925
