snapshot_timestamp,snapshot_date,release_date,model,family,interval_prospective,candidate,weight_mode,train_rows,train_families,target_eci,actual_b,predicted_b,log10_error
20251125180202,2025-11-25,2025-08-21,DeepSeek-V3.1,deepseek_v3,False,linear_score,live_inverse_eci_ci,59,29,135.09249922352967,671.0,135.17166543448474,-0.6958368554502026
20251125180202,2025-11-25,2025-08-21,DeepSeek-V3.1,deepseek_v3,False,linear_score_date,live_inverse_eci_ci,59,29,135.09249922352967,671.0,112.5744721167116,-0.7752826010193581
20251125180202,2025-11-25,2025-08-21,DeepSeek-V3.1,deepseek_v3,False,live_60_40_blend,live_inverse_eci_ci,59,29,135.09249922352967,671.0,125.63405184140136,-0.7276151536778648
20251125180202,2025-11-25,2025-08-21,DeepSeek-V3.1,deepseek_v3,False,linear_architecture,live_inverse_eci_ci,59,29,135.09249922352967,671.0,140.47664947236714,-0.6791183799000695
20251125180202,2025-11-25,2025-08-21,DeepSeek-V3.1,deepseek_v3,False,huber_score_date,live_inverse_eci_ci,59,29,135.09249922352967,671.0,114.6588518290576,-0.7673149316471437
20251125180202,2025-11-25,2025-08-21,DeepSeek-V3.1,deepseek_v3,False,huber_architecture,live_inverse_eci_ci,59,29,135.09249922352967,671.0,140.00324417483552,-0.6805844208414302
20251125180202,2025-11-25,2025-08-21,DeepSeek-V3.1,deepseek_v3,False,quadratic_score,live_inverse_eci_ci,59,29,135.09249922352967,671.0,157.96757233623237,-0.6281545762578293
20251125180202,2025-11-25,2025-08-21,DeepSeek-V3.1,deepseek_v3,False,score_date_interaction,live_inverse_eci_ci,59,29,135.09249922352967,671.0,219.6421022430208,-0.4850069283834544
20251125180202,2025-11-25,2025-08-21,DeepSeek-V3.1,deepseek_v3,False,ridge_flexible,live_inverse_eci_ci,59,29,135.09249922352967,671.0,148.149921607553,-0.6560210941566087
20251125180202,2025-11-25,2025-08-21,DeepSeek-V3.1,deepseek_v3,False,linear_tail_spline,live_inverse_eci_ci,59,29,135.09249922352967,671.0,168.99862842919265,-0.5988393402183383
20251125180202,2025-11-25,2025-08-21,DeepSeek-V3.1,deepseek_v3,False,linear_score,equal_family,59,29,135.09249922352967,671.0,92.50651273884353,-0.8605502107059175
20251125180202,2025-11-25,2025-08-21,DeepSeek-V3.1,deepseek_v3,False,linear_score_date,equal_family,59,29,135.09249922352967,671.0,64.48284963784424,-1.0172782985269664
20251125180202,2025-11-25,2025-08-21,DeepSeek-V3.1,deepseek_v3,False,live_60_40_blend,equal_family,59,29,135.09249922352967,671.0,80.0720733974359,-0.923241445834337
20251125180202,2025-11-25,2025-08-21,DeepSeek-V3.1,deepseek_v3,False,linear_architecture,equal_family,59,29,135.09249922352967,671.0,136.04135752918194,-0.6930515631499192
20251125180202,2025-11-25,2025-08-21,DeepSeek-V3.1,deepseek_v3,False,huber_score_date,equal_family,59,29,135.09249922352967,671.0,63.32332538606072,-1.025158806668264
20251125180202,2025-11-25,2025-08-21,DeepSeek-V3.1,deepseek_v3,False,huber_architecture,equal_family,59,29,135.09249922352967,671.0,136.63381906271752,-0.6911643126647391
20251125180202,2025-11-25,2025-08-21,DeepSeek-V3.1,deepseek_v3,False,quadratic_score,equal_family,59,29,135.09249922352967,671.0,113.39842511374623,-0.7721154970861703
20251125180202,2025-11-25,2025-08-21,DeepSeek-V3.1,deepseek_v3,False,score_date_interaction,equal_family,59,29,135.09249922352967,671.0,192.09730430389342,-0.5432012497068732
20251125180202,2025-11-25,2025-08-21,DeepSeek-V3.1,deepseek_v3,False,ridge_flexible,equal_family,59,29,135.09249922352967,671.0,153.79667896220025,-0.6397755626227144
20251125180202,2025-11-25,2025-08-21,DeepSeek-V3.1,deepseek_v3,False,linear_tail_spline,equal_family,59,29,135.09249922352967,671.0,132.90807098933738,-0.7031711654136008
20251125180202,2025-11-25,2025-11-06,Kimi K2 Thinking,kimi_k2,False,linear_score,live_inverse_eci_ci,62,30,143.22176885517905,1040.0,419.0692349114217,-0.3947475601128283
20251125180202,2025-11-25,2025-11-06,Kimi K2 Thinking,kimi_k2,False,linear_score_date,live_inverse_eci_ci,62,30,143.22176885517905,1040.0,339.54032843514034,-0.4861419748893918
20251125180202,2025-11-25,2025-11-06,Kimi K2 Thinking,kimi_k2,False,live_60_40_blend,live_inverse_eci_ci,62,30,143.22176885517905,1040.0,385.23701872092846,-0.43130532602345406
20251125180202,2025-11-25,2025-11-06,Kimi K2 Thinking,kimi_k2,False,linear_architecture,live_inverse_eci_ci,62,30,143.22176885517905,1040.0,373.6266040684768,-0.44459554671723733
20251125180202,2025-11-25,2025-11-06,Kimi K2 Thinking,kimi_k2,False,huber_score_date,live_inverse_eci_ci,62,30,143.22176885517905,1040.0,351.4321036656352,-0.47119190710254655
20251125180202,2025-11-25,2025-11-06,Kimi K2 Thinking,kimi_k2,False,huber_architecture,live_inverse_eci_ci,62,30,143.22176885517905,1040.0,364.1886954298582,-0.45570687831387335
20251125180202,2025-11-25,2025-11-06,Kimi K2 Thinking,kimi_k2,False,quadratic_score,live_inverse_eci_ci,62,30,143.22176885517905,1040.0,690.0320336145638,-0.17816408667875105
20251125180202,2025-11-25,2025-11-06,Kimi K2 Thinking,kimi_k2,False,score_date_interaction,live_inverse_eci_ci,62,30,143.22176885517905,1040.0,1463.2797321491782,0.14829401793789998
20251125180202,2025-11-25,2025-11-06,Kimi K2 Thinking,kimi_k2,False,ridge_flexible,live_inverse_eci_ci,62,30,143.22176885517905,1040.0,762.4750917486514,-0.1348076784180603
20251125180202,2025-11-25,2025-11-06,Kimi K2 Thinking,kimi_k2,False,linear_tail_spline,live_inverse_eci_ci,62,30,143.22176885517905,1040.0,631.764160853181,-0.21647835398348825
20251125180202,2025-11-25,2025-11-06,Kimi K2 Thinking,kimi_k2,False,linear_score,equal_family,62,30,143.22176885517905,1040.0,160.5411872311859,-0.811446868959719
20251125180202,2025-11-25,2025-11-06,Kimi K2 Thinking,kimi_k2,False,linear_score_date,equal_family,62,30,143.22176885517905,1040.0,117.96175883877247,-0.9452920999334418
20251125180202,2025-11-25,2025-11-06,Kimi K2 Thinking,kimi_k2,False,live_60_40_blend,equal_family,62,30,143.22176885517905,1040.0,141.9215605477625,-0.864984961349208
20251125180202,2025-11-25,2025-11-06,Kimi K2 Thinking,kimi_k2,False,linear_architecture,equal_family,62,30,143.22176885517905,1040.0,233.84496860143685,-0.6481053092156404
20251125180202,2025-11-25,2025-11-06,Kimi K2 Thinking,kimi_k2,False,huber_score_date,equal_family,62,30,143.22176885517905,1040.0,111.764592204809,-0.968729101451824
20251125180202,2025-11-25,2025-11-06,Kimi K2 Thinking,kimi_k2,False,huber_architecture,equal_family,62,30,143.22176885517905,1040.0,233.9114409810932,-0.6479818749353754
20251125180202,2025-11-25,2025-11-06,Kimi K2 Thinking,kimi_k2,False,quadratic_score,equal_family,62,30,143.22176885517905,1040.0,410.3561057065123,-0.4038724396047786
20251125180202,2025-11-25,2025-11-06,Kimi K2 Thinking,kimi_k2,False,score_date_interaction,equal_family,62,30,143.22176885517905,1040.0,790.1798602919197,-0.1193073828922917
20251125180202,2025-11-25,2025-11-06,Kimi K2 Thinking,kimi_k2,False,ridge_flexible,equal_family,62,30,143.22176885517905,1040.0,622.1392357255602,-0.22314574795164743
20251125180202,2025-11-25,2025-11-06,Kimi K2 Thinking,kimi_k2,False,linear_tail_spline,equal_family,62,30,143.22176885517905,1040.0,454.05108344477475,-0.35992862298319883
20251214160510,2025-12-14,2025-05-28,DeepSeek-R1 (May 2025),deepseek_v3,False,linear_score,live_inverse_eci_ci,58,28,141.81985533565597,671.0,178.36036211677117,-0.5754241747625826
20251214160510,2025-12-14,2025-05-28,DeepSeek-R1 (May 2025),deepseek_v3,False,linear_score_date,live_inverse_eci_ci,58,28,141.81985533565597,671.0,169.5957563268806,-0.5973075391520508
20251214160510,2025-12-14,2025-05-28,DeepSeek-R1 (May 2025),deepseek_v3,False,live_60_40_blend,live_inverse_eci_ci,58,28,141.81985533565597,671.0,174.80143744616626,-0.5841775205183697
20251214160510,2025-12-14,2025-05-28,DeepSeek-R1 (May 2025),deepseek_v3,False,linear_architecture,live_inverse_eci_ci,58,28,141.81985533565597,671.0,288.5636122251351,-0.36648095434764905
20251214160510,2025-12-14,2025-05-28,DeepSeek-R1 (May 2025),deepseek_v3,False,huber_score_date,live_inverse_eci_ci,58,28,141.81985533565597,671.0,181.9181063425388,-0.5668465935446947
20251214160510,2025-12-14,2025-05-28,DeepSeek-R1 (May 2025),deepseek_v3,False,huber_architecture,live_inverse_eci_ci,58,28,141.81985533565597,671.0,288.1314700131872,-0.36713182521148857
20251214160510,2025-12-14,2025-05-28,DeepSeek-R1 (May 2025),deepseek_v3,False,quadratic_score,live_inverse_eci_ci,58,28,141.81985533565597,671.0,568.6931856261954,-0.07184449582516228
20251214160510,2025-12-14,2025-05-28,DeepSeek-R1 (May 2025),deepseek_v3,False,score_date_interaction,live_inverse_eci_ci,58,28,141.81985533565597,671.0,530.2850041352606,-0.10221317423728893
20251214160510,2025-12-14,2025-05-28,DeepSeek-R1 (May 2025),deepseek_v3,False,ridge_flexible,live_inverse_eci_ci,58,28,141.81985533565597,671.0,492.31029444886167,-0.13448360299142026
20251214160510,2025-12-14,2025-05-28,DeepSeek-R1 (May 2025),deepseek_v3,False,linear_tail_spline,live_inverse_eci_ci,58,28,141.81985533565597,671.0,651.1749122786683,-0.013024859966009217
20251214160510,2025-12-14,2025-05-28,DeepSeek-R1 (May 2025),deepseek_v3,False,linear_score,equal_family,58,28,141.81985533565597,671.0,109.90577468876631,-0.7857020083680757
20251214160510,2025-12-14,2025-05-28,DeepSeek-R1 (May 2025),deepseek_v3,False,linear_score_date,equal_family,58,28,141.81985533565597,671.0,87.12583602080642,-0.8865755617460711
20251214160510,2025-12-14,2025-05-28,DeepSeek-R1 (May 2025),deepseek_v3,False,live_60_40_blend,equal_family,58,28,141.81985533565597,671.0,100.15464373685147,-0.826051429719274
20251214160510,2025-12-14,2025-05-28,DeepSeek-R1 (May 2025),deepseek_v3,False,linear_architecture,equal_family,58,28,141.81985533565597,671.0,272.56419133907787,-0.3912537212211551
20251214160510,2025-12-14,2025-05-28,DeepSeek-R1 (May 2025),deepseek_v3,False,huber_score_date,equal_family,58,28,141.81985533565597,671.0,83.80904093214748,-0.9034316493292538
20251214160510,2025-12-14,2025-05-28,DeepSeek-R1 (May 2025),deepseek_v3,False,huber_architecture,equal_family,58,28,141.81985533565597,671.0,271.8879080731311,-0.3923326269393055
20251214160510,2025-12-14,2025-05-28,DeepSeek-R1 (May 2025),deepseek_v3,False,quadratic_score,equal_family,58,28,141.81985533565597,671.0,371.84089343037016,-0.2563653703045268
20251214160510,2025-12-14,2025-05-28,DeepSeek-R1 (May 2025),deepseek_v3,False,score_date_interaction,equal_family,58,28,141.81985533565597,671.0,414.7660019429683,-0.20891936978490255
20251214160510,2025-12-14,2025-05-28,DeepSeek-R1 (May 2025),deepseek_v3,False,ridge_flexible,equal_family,58,28,141.81985533565597,671.0,501.65294319179947,-0.1263191555785852
20251214160510,2025-12-14,2025-05-28,DeepSeek-R1 (May 2025),deepseek_v3,False,linear_tail_spline,equal_family,58,28,141.81985533565597,671.0,501.5097103423094,-0.12644317382500692
20251214160510,2025-12-14,2025-07-25,Qwen3-235B-A22B-Thinking (Jul 2025),qwen3_235,False,linear_score,live_inverse_eci_ci,60,28,144.35986182986278,235.0,527.5687220167878,0.35121117733538254
20251214160510,2025-12-14,2025-07-25,Qwen3-235B-A22B-Thinking (Jul 2025),qwen3_235,False,linear_score_date,live_inverse_eci_ci,60,28,144.35986182986278,235.0,476.0025217095756,0.3065413912085315
20251214160510,2025-12-14,2025-07-25,Qwen3-235B-A22B-Thinking (Jul 2025),qwen3_235,False,live_60_40_blend,live_inverse_eci_ci,60,28,144.35986182986278,235.0,506.3037279697185,0.3333432628846422
20251214160510,2025-12-14,2025-07-25,Qwen3-235B-A22B-Thinking (Jul 2025),qwen3_235,False,linear_architecture,live_inverse_eci_ci,60,28,144.35986182986278,235.0,683.4042346886299,0.4636098032887639
20251214160510,2025-12-14,2025-07-25,Qwen3-235B-A22B-Thinking (Jul 2025),qwen3_235,False,huber_score_date,live_inverse_eci_ci,60,28,144.35986182986278,235.0,511.1539528110563,0.33748386131992625
20251214160510,2025-12-14,2025-07-25,Qwen3-235B-A22B-Thinking (Jul 2025),qwen3_235,False,huber_architecture,live_inverse_eci_ci,60,28,144.35986182986278,235.0,675.1641437729352,0.458341507697984
20251214160510,2025-12-14,2025-07-25,Qwen3-235B-A22B-Thinking (Jul 2025),qwen3_235,False,quadratic_score,live_inverse_eci_ci,60,28,144.35986182986278,235.0,1162.9756126220282,0.6945027454793009
20251214160510,2025-12-14,2025-07-25,Qwen3-235B-A22B-Thinking (Jul 2025),qwen3_235,False,score_date_interaction,live_inverse_eci_ci,60,28,144.35986182986278,235.0,1604.8416554279374,0.8343643261412157
20251214160510,2025-12-14,2025-07-25,Qwen3-235B-A22B-Thinking (Jul 2025),qwen3_235,False,ridge_flexible,live_inverse_eci_ci,60,28,144.35986182986278,235.0,1077.1410744010457,0.6612047247974409
20251214160510,2025-12-14,2025-07-25,Qwen3-235B-A22B-Thinking (Jul 2025),qwen3_235,False,linear_tail_spline,live_inverse_eci_ci,60,28,144.35986182986278,235.0,1083.239024143252,0.6636564349932552
20251214160510,2025-12-14,2025-07-25,Qwen3-235B-A22B-Thinking (Jul 2025),qwen3_235,False,linear_score,equal_family,60,28,144.35986182986278,235.0,145.3116530101103,-0.20876741910199703
20251214160510,2025-12-14,2025-07-25,Qwen3-235B-A22B-Thinking (Jul 2025),qwen3_235,False,linear_score_date,equal_family,60,28,144.35986182986278,235.0,105.37919800773405,-0.34831297323653265
20251214160510,2025-12-14,2025-07-25,Qwen3-235B-A22B-Thinking (Jul 2025),qwen3_235,False,live_60_40_blend,equal_family,60,28,144.35986182986278,235.0,127.78568975419334,-0.26458564075581137
20251214160510,2025-12-14,2025-07-25,Qwen3-235B-A22B-Thinking (Jul 2025),qwen3_235,False,linear_architecture,equal_family,60,28,144.35986182986278,235.0,640.5251868090392,0.4354683495249989
20251214160510,2025-12-14,2025-07-25,Qwen3-235B-A22B-Thinking (Jul 2025),qwen3_235,False,huber_score_date,equal_family,60,28,144.35986182986278,235.0,94.27791048920594,-0.3966579137171151
20251214160510,2025-12-14,2025-07-25,Qwen3-235B-A22B-Thinking (Jul 2025),qwen3_235,False,huber_architecture,equal_family,60,28,144.35986182986278,235.0,642.3613990097044,0.4367115730176132
20251214160510,2025-12-14,2025-07-25,Qwen3-235B-A22B-Thinking (Jul 2025),qwen3_235,False,quadratic_score,equal_family,60,28,144.35986182986278,235.0,652.560363132016,0.44355282870045265
20251214160510,2025-12-14,2025-07-25,Qwen3-235B-A22B-Thinking (Jul 2025),qwen3_235,False,score_date_interaction,equal_family,60,28,144.35986182986278,235.0,1036.4835823287597,0.64449456508386
20251214160510,2025-12-14,2025-07-25,Qwen3-235B-A22B-Thinking (Jul 2025),qwen3_235,False,ridge_flexible,equal_family,60,28,144.35986182986278,235.0,1299.6198561890833,0.7427484758024661
20251214160510,2025-12-14,2025-07-25,Qwen3-235B-A22B-Thinking (Jul 2025),qwen3_235,False,linear_tail_spline,equal_family,60,28,144.35986182986278,235.0,1036.2686333787417,0.6444044905032991
20260101232245,2026-01-01,2025-09-29,DeepSeek-V3.2-Exp,deepseek_v3,False,linear_score,live_inverse_eci_ci,60,29,144.73760391464862,671.0,216.2478132734061,-0.4917707956533879
20260101232245,2026-01-01,2025-09-29,DeepSeek-V3.2-Exp,deepseek_v3,False,linear_score_date,live_inverse_eci_ci,60,29,144.73760391464862,671.0,192.17751186338074,-0.5430199539282659
20260101232245,2026-01-01,2025-09-29,DeepSeek-V3.2-Exp,deepseek_v3,False,live_60_40_blend,live_inverse_eci_ci,60,29,144.73760391464862,671.0,206.27759590285768,-0.5122704589633389
20260101232245,2026-01-01,2025-09-29,DeepSeek-V3.2-Exp,deepseek_v3,False,linear_architecture,live_inverse_eci_ci,60,29,144.73760391464862,671.0,317.6287006595676,-0.32480278216041425
20260101232245,2026-01-01,2025-09-29,DeepSeek-V3.2-Exp,deepseek_v3,False,huber_score_date,live_inverse_eci_ci,60,29,144.73760391464862,671.0,197.25437479277474,-0.5316958762100059
20260101232245,2026-01-01,2025-09-29,DeepSeek-V3.2-Exp,deepseek_v3,False,huber_architecture,live_inverse_eci_ci,60,29,144.73760391464862,671.0,323.596744553808,-0.3167183762937418
20260101232245,2026-01-01,2025-09-29,DeepSeek-V3.2-Exp,deepseek_v3,False,quadratic_score,live_inverse_eci_ci,60,29,144.73760391464862,671.0,317.9946766829634,-0.3243026703309906
20260101232245,2026-01-01,2025-09-29,DeepSeek-V3.2-Exp,deepseek_v3,False,score_date_interaction,live_inverse_eci_ci,60,29,144.73760391464862,671.0,360.98283463108845,-0.2692359692390691
20260101232245,2026-01-01,2025-09-29,DeepSeek-V3.2-Exp,deepseek_v3,False,ridge_flexible,live_inverse_eci_ci,60,29,144.73760391464862,671.0,682.8416383082106,0.007597475484218297
20260101232245,2026-01-01,2025-09-29,DeepSeek-V3.2-Exp,deepseek_v3,False,linear_tail_spline,live_inverse_eci_ci,60,29,144.73760391464862,671.0,292.05181219121215,-0.36126261477320787
20260101232245,2026-01-01,2025-09-29,DeepSeek-V3.2-Exp,deepseek_v3,False,linear_score,equal_family,60,29,144.73760391464862,671.0,129.71668874134275,-0.7137266661973309
20260101232245,2026-01-01,2025-09-29,DeepSeek-V3.2-Exp,deepseek_v3,False,linear_score_date,equal_family,60,29,144.73760391464862,671.0,93.79848909096458,-0.8545266773628657
20260101232245,2026-01-01,2025-09-29,DeepSeek-V3.2-Exp,deepseek_v3,False,live_60_40_blend,equal_family,60,29,144.73760391464862,671.0,113.93990407849584,-0.7700466706635449
20260101232245,2026-01-01,2025-09-29,DeepSeek-V3.2-Exp,deepseek_v3,False,linear_architecture,equal_family,60,29,144.73760391464862,671.0,180.27031997620907,-0.5707982905713957
20260101232245,2026-01-01,2025-09-29,DeepSeek-V3.2-Exp,deepseek_v3,False,huber_score_date,equal_family,60,29,144.73760391464862,671.0,91.661967540537,-0.8645333449513963
20260101232245,2026-01-01,2025-09-29,DeepSeek-V3.2-Exp,deepseek_v3,False,huber_architecture,equal_family,60,29,144.73760391464862,671.0,180.5958209949726,-0.5700148236921794
20260101232245,2026-01-01,2025-09-29,DeepSeek-V3.2-Exp,deepseek_v3,False,quadratic_score,equal_family,60,29,144.73760391464862,671.0,313.8275641210997,-0.33003143426428094
20260101232245,2026-01-01,2025-09-29,DeepSeek-V3.2-Exp,deepseek_v3,False,score_date_interaction,equal_family,60,29,144.73760391464862,671.0,409.3642452342469,-0.21461261241304141
20260101232245,2026-01-01,2025-09-29,DeepSeek-V3.2-Exp,deepseek_v3,False,ridge_flexible,equal_family,60,29,144.73760391464862,671.0,779.8711632762485,0.06530034188080425
20260101232245,2026-01-01,2025-09-29,DeepSeek-V3.2-Exp,deepseek_v3,False,linear_tail_spline,equal_family,60,29,144.73760391464862,671.0,281.61555430012254,-0.3770658819142647
20260101232245,2026-01-01,2025-12-01,DeepSeek-V3.2,deepseek_v3,False,linear_score,live_inverse_eci_ci,61,30,147.02085754238652,671.0,445.32103595417396,-0.17804930946840303
20260101232245,2026-01-01,2025-12-01,DeepSeek-V3.2,deepseek_v3,False,linear_score_date,live_inverse_eci_ci,61,30,147.02085754238652,671.0,445.6125423329924,-0.1777651140595342
20260101232245,2026-01-01,2025-12-01,DeepSeek-V3.2,deepseek_v3,False,live_60_40_blend,live_inverse_eci_ci,61,30,147.02085754238652,671.0,445.43761561534353,-0.17793563130485568
20260101232245,2026-01-01,2025-12-01,DeepSeek-V3.2,deepseek_v3,False,linear_architecture,live_inverse_eci_ci,61,30,147.02085754238652,671.0,499.86210254765524,-0.12787230855808795
20260101232245,2026-01-01,2025-12-01,DeepSeek-V3.2,deepseek_v3,False,huber_score_date,live_inverse_eci_ci,61,30,147.02085754238652,671.0,464.00270939542673,-0.16020200368297388
20260101232245,2026-01-01,2025-12-01,DeepSeek-V3.2,deepseek_v3,False,huber_architecture,live_inverse_eci_ci,61,30,147.02085754238652,671.0,499.74910431707394,-0.12797049574902442
20260101232245,2026-01-01,2025-12-01,DeepSeek-V3.2,deepseek_v3,False,quadratic_score,live_inverse_eci_ci,61,30,147.02085754238652,671.0,792.4481312491005,0.07224832542174431
20260101232245,2026-01-01,2025-12-01,DeepSeek-V3.2,deepseek_v3,False,score_date_interaction,live_inverse_eci_ci,61,30,147.02085754238652,671.0,965.4155358130587,0.1579917631924821
20260101232245,2026-01-01,2025-12-01,DeepSeek-V3.2,deepseek_v3,False,ridge_flexible,live_inverse_eci_ci,61,30,147.02085754238652,671.0,910.208435438972,0.13241833588341034
20260101232245,2026-01-01,2025-12-01,DeepSeek-V3.2,deepseek_v3,False,linear_tail_spline,live_inverse_eci_ci,61,30,147.02085754238652,671.0,727.7839708394549,0.03527996601852257
20260101232245,2026-01-01,2025-12-01,DeepSeek-V3.2,deepseek_v3,False,linear_score,equal_family,61,30,147.02085754238652,671.0,192.6636065076445,-0.5419228344996045
20260101232245,2026-01-01,2025-12-01,DeepSeek-V3.2,deepseek_v3,False,linear_score_date,equal_family,61,30,147.02085754238652,671.0,157.9672577835578,-0.6281554410468795
20260101232245,2026-01-01,2025-12-01,DeepSeek-V3.2,deepseek_v3,False,live_60_40_blend,equal_family,61,30,147.02085754238652,671.0,177.95354462087218,-0.5764158771185146
20260101232245,2026-01-01,2025-12-01,DeepSeek-V3.2,deepseek_v3,False,linear_architecture,equal_family,61,30,147.02085754238652,671.0,325.43475014712834,-0.3142585948276535
20260101232245,2026-01-01,2025-12-01,DeepSeek-V3.2,deepseek_v3,False,huber_score_date,equal_family,61,30,147.02085754238652,671.0,139.41699909125472,-0.682406789725289
20260101232245,2026-01-01,2025-12-01,DeepSeek-V3.2,deepseek_v3,False,huber_architecture,equal_family,61,30,147.02085754238652,671.0,325.7125648175585,-0.3138880077641497
20260101232245,2026-01-01,2025-12-01,DeepSeek-V3.2,deepseek_v3,False,quadratic_score,equal_family,61,30,147.02085754238652,671.0,579.0588403830147,-0.06399982387628844
20260101232245,2026-01-01,2025-12-01,DeepSeek-V3.2,deepseek_v3,False,score_date_interaction,equal_family,61,30,147.02085754238652,671.0,852.8841429484653,0.10416751979627792
20260101232245,2026-01-01,2025-12-01,DeepSeek-V3.2,deepseek_v3,False,ridge_flexible,equal_family,61,30,147.02085754238652,671.0,775.512047499821,0.06286602875310399
20260101232245,2026-01-01,2025-12-01,DeepSeek-V3.2,deepseek_v3,False,linear_tail_spline,equal_family,61,30,147.02085754238652,671.0,573.203360042658,-0.06841379265912773
20260204115444,2026-02-04,2025-12-22,GLM-4.7,glm,False,linear_score,live_inverse_eci_ci,67,31,143.92420810365405,358.0,536.0239149437732,0.17530113972132355
20260204115444,2026-02-04,2025-12-22,GLM-4.7,glm,False,linear_score_date,live_inverse_eci_ci,67,31,143.92420810365405,358.0,506.10077372644554,0.15035397461446642
20260204115444,2026-02-04,2025-12-22,GLM-4.7,glm,False,live_60_40_blend,live_inverse_eci_ci,67,31,143.92420810365405,358.0,523.8480122622325,0.16532227367858088
20260204115444,2026-02-04,2025-12-22,GLM-4.7,glm,False,linear_architecture,live_inverse_eci_ci,67,31,143.92420810365405,358.0,496.1473214037701,0.14172762438833608
20260204115444,2026-02-04,2025-12-22,GLM-4.7,glm,False,huber_score_date,live_inverse_eci_ci,67,31,143.92420810365405,358.0,501.09378754106706,0.14603599183726024
20260204115444,2026-02-04,2025-12-22,GLM-4.7,glm,False,huber_architecture,live_inverse_eci_ci,67,31,143.92420810365405,358.0,498.8276038168717,0.14406745155004685
20260204115444,2026-02-04,2025-12-22,GLM-4.7,glm,False,quadratic_score,live_inverse_eci_ci,67,31,143.92420810365405,358.0,462.2878401545185,0.11102944342573018
20260204115444,2026-02-04,2025-12-22,GLM-4.7,glm,False,score_date_interaction,live_inverse_eci_ci,67,31,143.92420810365405,358.0,634.6739993327749,0.24866768030786846
20260204115444,2026-02-04,2025-12-22,GLM-4.7,glm,False,ridge_flexible,live_inverse_eci_ci,67,31,143.92420810365405,358.0,545.0339909308233,0.18254056116187778
20260204115444,2026-02-04,2025-12-22,GLM-4.7,glm,False,linear_tail_spline,live_inverse_eci_ci,67,31,143.92420810365405,358.0,442.86751160615773,0.09239079532593575
20260204115444,2026-02-04,2025-12-22,GLM-4.7,glm,False,linear_score,equal_family,67,31,143.92420810365405,358.0,192.36972324180462,-0.2697463064665713
20260204115444,2026-02-04,2025-12-22,GLM-4.7,glm,False,linear_score_date,equal_family,67,31,143.92420810365405,358.0,156.87302121560862,-0.3583347659418661
20260204115444,2026-02-04,2025-12-22,GLM-4.7,glm,False,live_60_40_blend,equal_family,67,31,143.92420810365405,358.0,177.296979309031,-0.3051816902566893
20260204115444,2026-02-04,2025-12-22,GLM-4.7,glm,False,linear_architecture,equal_family,67,31,143.92420810365405,358.0,290.78554001710404,-0.09031022021656687
20260204115444,2026-02-04,2025-12-22,GLM-4.7,glm,False,huber_score_date,equal_family,67,31,143.92420810365405,358.0,157.69810668295113,-0.35605654740554105
20260204115444,2026-02-04,2025-12-22,GLM-4.7,glm,False,huber_architecture,equal_family,67,31,143.92420810365405,358.0,293.0013459291684,-0.0870134113127401
20260204115444,2026-02-04,2025-12-22,GLM-4.7,glm,False,quadratic_score,equal_family,67,31,143.92420810365405,358.0,293.94178068441374,-0.08562170586196505
20260204115444,2026-02-04,2025-12-22,GLM-4.7,glm,False,score_date_interaction,equal_family,67,31,143.92420810365405,358.0,596.3204559168267,0.22159668080587913
20260204115444,2026-02-04,2025-12-22,GLM-4.7,glm,False,ridge_flexible,equal_family,67,31,143.92420810365405,358.0,446.7397257339719,0.09617154660241134
20260204115444,2026-02-04,2025-12-22,GLM-4.7,glm,False,linear_tail_spline,equal_family,67,31,143.92420810365405,358.0,293.09386247112707,-0.08687630244914502
20260204115444,2026-02-04,2026-01-27,Kimi K2.5,kimi_k2,True,linear_score,live_inverse_eci_ci,67,31,147.43213331449587,1040.0,653.777684986163,-0.2016032463226538
20260204115444,2026-02-04,2026-01-27,Kimi K2.5,kimi_k2,True,linear_score_date,live_inverse_eci_ci,67,31,147.43213331449587,1040.0,595.2759920044703,-0.24231497186584594
20260204115444,2026-02-04,2026-01-27,Kimi K2.5,kimi_k2,True,live_60_40_blend,live_inverse_eci_ci,67,31,147.43213331449587,1040.0,629.7169782132821,-0.21788793653993066
20260204115444,2026-02-04,2026-01-27,Kimi K2.5,kimi_k2,True,linear_architecture,live_inverse_eci_ci,67,31,147.43213331449587,1040.0,506.2369871852014,-0.31267946646626754
20260204115444,2026-02-04,2026-01-27,Kimi K2.5,kimi_k2,True,huber_score_date,live_inverse_eci_ci,67,31,147.43213331449587,1040.0,600.9801476656467,-0.23817321322226936
20260204115444,2026-02-04,2026-01-27,Kimi K2.5,kimi_k2,True,huber_architecture,live_inverse_eci_ci,67,31,147.43213331449587,1040.0,501.8992485985451,-0.3164167938055056
20260204115444,2026-02-04,2026-01-27,Kimi K2.5,kimi_k2,True,quadratic_score,live_inverse_eci_ci,67,31,147.43213331449587,1040.0,817.8621503059364,-0.10435322927839463
20260204115444,2026-02-04,2026-01-27,Kimi K2.5,kimi_k2,True,score_date_interaction,live_inverse_eci_ci,67,31,147.43213331449587,1040.0,972.4475812817902,-0.02916713883689237
20260204115444,2026-02-04,2026-01-27,Kimi K2.5,kimi_k2,True,ridge_flexible,live_inverse_eci_ci,67,31,147.43213331449587,1040.0,668.8811540129842,-0.19168437958993456
20260204115444,2026-02-04,2026-01-27,Kimi K2.5,kimi_k2,True,linear_tail_spline,live_inverse_eci_ci,67,31,147.43213331449587,1040.0,662.7107744960783,-0.19570930779602858
20260204115444,2026-02-04,2026-01-27,Kimi K2.5,kimi_k2,True,linear_score,equal_family,67,31,147.43213331449587,1040.0,211.40270374453164,-0.6919228018627481
20260204115444,2026-02-04,2026-01-27,Kimi K2.5,kimi_k2,True,linear_score_date,equal_family,67,31,147.43213331449587,1040.0,168.7110915988108,-0.789889703883262
20260204115444,2026-02-04,2026-01-27,Kimi K2.5,kimi_k2,True,live_60_40_blend,equal_family,67,31,147.43213331449587,1040.0,193.16292654655297,-0.7311095626709538
20260204115444,2026-02-04,2026-01-27,Kimi K2.5,kimi_k2,True,linear_architecture,equal_family,67,31,147.43213331449587,1040.0,267.4399373667142,-0.5898070774241604
20260204115444,2026-02-04,2026-01-27,Kimi K2.5,kimi_k2,True,huber_score_date,equal_family,67,31,147.43213331449587,1040.0,172.12796293903233,-0.781181910205206
20260204115444,2026-02-04,2026-01-27,Kimi K2.5,kimi_k2,True,huber_architecture,equal_family,67,31,147.43213331449587,1040.0,268.1587340917947,-0.5886413925359704
20260204115444,2026-02-04,2026-01-27,Kimi K2.5,kimi_k2,True,quadratic_score,equal_family,67,31,147.43213331449587,1040.0,510.13627658354505,-0.30934713131381697
20260204115444,2026-02-04,2026-01-27,Kimi K2.5,kimi_k2,True,score_date_interaction,equal_family,67,31,147.43213331449587,1040.0,828.6152549327495,-0.09868041483550405
20260204115444,2026-02-04,2026-01-27,Kimi K2.5,kimi_k2,True,ridge_flexible,equal_family,67,31,147.43213331449587,1040.0,652.7464326643363,-0.20228883226749383
20260204115444,2026-02-04,2026-01-27,Kimi K2.5,kimi_k2,True,linear_tail_spline,equal_family,67,31,147.43213331449587,1040.0,403.0693117718953,-0.41165360548578045
20260205070603,2026-02-05,2025-03-24,DeepSeek-V3 (Mar 2025),deepseek_v3,False,linear_score,live_inverse_eci_ci,55,26,136.74197391239136,671.0,82.32198926949947,-0.9112066637799174
20260205070603,2026-02-05,2025-03-24,DeepSeek-V3 (Mar 2025),deepseek_v3,False,linear_score_date,live_inverse_eci_ci,55,26,136.74197391239136,671.0,58.81255726431447,-1.0572524565357908
20260205070603,2026-02-05,2025-03-24,DeepSeek-V3 (Mar 2025),deepseek_v3,False,live_60_40_blend,live_inverse_eci_ci,55,26,136.74197391239136,671.0,71.96105790002635,-0.9696249808822666
20260205070603,2026-02-05,2025-03-24,DeepSeek-V3 (Mar 2025),deepseek_v3,False,linear_architecture,live_inverse_eci_ci,55,26,136.74197391239136,671.0,101.9925188943669,-0.8181542025448052
20260205070603,2026-02-05,2025-03-24,DeepSeek-V3 (Mar 2025),deepseek_v3,False,huber_score_date,live_inverse_eci_ci,55,26,136.74197391239136,671.0,57.02529917049938,-1.0706549477853
20260205070603,2026-02-05,2025-03-24,DeepSeek-V3 (Mar 2025),deepseek_v3,False,huber_architecture,live_inverse_eci_ci,55,26,136.74197391239136,671.0,100.76931112217407,-0.8233942305156847
20260205070603,2026-02-05,2025-03-24,DeepSeek-V3 (Mar 2025),deepseek_v3,False,quadratic_score,live_inverse_eci_ci,55,26,136.74197391239136,671.0,129.57804437195497,-0.7141910990038705
20260205070603,2026-02-05,2025-03-24,DeepSeek-V3 (Mar 2025),deepseek_v3,False,score_date_interaction,live_inverse_eci_ci,55,26,136.74197391239136,671.0,96.92289984847467,-0.8402961207977164
20260205070603,2026-02-05,2025-03-24,DeepSeek-V3 (Mar 2025),deepseek_v3,False,ridge_flexible,live_inverse_eci_ci,55,26,136.74197391239136,671.0,176.0975442800258,-0.5809692204939934
20260205070603,2026-02-05,2025-03-24,DeepSeek-V3 (Mar 2025),deepseek_v3,False,linear_tail_spline,live_inverse_eci_ci,55,26,136.74197391239136,671.0,130.04502732423165,-0.7126287699188043
20260205070603,2026-02-05,2025-03-24,DeepSeek-V3 (Mar 2025),deepseek_v3,False,linear_score,equal_family,55,26,136.74197391239136,671.0,65.84780478102054,-1.008181219039463
20260205070603,2026-02-05,2025-03-24,DeepSeek-V3 (Mar 2025),deepseek_v3,False,linear_score_date,equal_family,55,26,136.74197391239136,671.0,42.96332341535979,-1.193624651455012
20260205070603,2026-02-05,2025-03-24,DeepSeek-V3 (Mar 2025),deepseek_v3,False,live_60_40_blend,equal_family,55,26,136.74197391239136,671.0,55.50906705367375,-1.0823585920056826
20260205070603,2026-02-05,2025-03-24,DeepSeek-V3 (Mar 2025),deepseek_v3,False,linear_architecture,equal_family,55,26,136.74197391239136,671.0,87.92184993992173,-0.8826257027844093
20260205070603,2026-02-05,2025-03-24,DeepSeek-V3 (Mar 2025),deepseek_v3,False,huber_score_date,equal_family,55,26,136.74197391239136,671.0,42.21308737173904,-1.2012754035162176
20260205070603,2026-02-05,2025-03-24,DeepSeek-V3 (Mar 2025),deepseek_v3,False,huber_architecture,equal_family,55,26,136.74197391239136,671.0,87.76462384099335,-0.8834030243839062
20260205070603,2026-02-05,2025-03-24,DeepSeek-V3 (Mar 2025),deepseek_v3,False,quadratic_score,equal_family,55,26,136.74197391239136,671.0,125.17272491585481,-0.7292128135709377
20260205070603,2026-02-05,2025-03-24,DeepSeek-V3 (Mar 2025),deepseek_v3,False,score_date_interaction,equal_family,55,26,136.74197391239136,671.0,133.712248908544,-0.7005513268955932
20260205070603,2026-02-05,2025-03-24,DeepSeek-V3 (Mar 2025),deepseek_v3,False,ridge_flexible,equal_family,55,26,136.74197391239136,671.0,258.26828470457406,-0.4146514419998151
20260205070603,2026-02-05,2025-03-24,DeepSeek-V3 (Mar 2025),deepseek_v3,False,linear_tail_spline,equal_family,55,26,136.74197391239136,671.0,156.31324741442282,-0.6327267345030765
20260320171809,2026-03-20,2026-02-11,GLM-5,glm,False,linear_score,live_inverse_eci_ci,68,31,146.2143478786918,744.0,777.6937278054287,0.019235660785513975
20260320171809,2026-03-20,2026-02-11,GLM-5,glm,False,linear_score_date,live_inverse_eci_ci,68,31,146.2143478786918,744.0,729.807329221934,-0.008364715014564261
20260320171809,2026-03-20,2026-02-11,GLM-5,glm,False,live_60_40_blend,live_inverse_eci_ci,68,31,146.2143478786918,744.0,758.1732299304381,0.008195510465482503
20260320171809,2026-03-20,2026-02-11,GLM-5,glm,False,linear_architecture,live_inverse_eci_ci,68,31,146.2143478786918,744.0,658.3707612082889,-0.05310240029163982
20260320171809,2026-03-20,2026-02-11,GLM-5,glm,False,huber_score_date,live_inverse_eci_ci,68,31,146.2143478786918,744.0,717.2652163168234,-0.015893165254075026
20260320171809,2026-03-20,2026-02-11,GLM-5,glm,False,huber_architecture,live_inverse_eci_ci,68,31,146.2143478786918,744.0,661.9920853182987,-0.05072013843720091
20260320171809,2026-03-20,2026-02-11,GLM-5,glm,False,quadratic_score,live_inverse_eci_ci,68,31,146.2143478786918,744.0,688.6567018443855,-0.03357015725227841
20260320171809,2026-03-20,2026-02-11,GLM-5,glm,False,score_date_interaction,live_inverse_eci_ci,68,31,146.2143478786918,744.0,899.0894463372701,0.082229964327873
20260320171809,2026-03-20,2026-02-11,GLM-5,glm,False,ridge_flexible,live_inverse_eci_ci,68,31,146.2143478786918,744.0,713.1737059148364,-0.018377612801677934
20260320171809,2026-03-20,2026-02-11,GLM-5,glm,False,linear_tail_spline,live_inverse_eci_ci,68,31,146.2143478786918,744.0,623.3326661231594,-0.07685304859404507
20260320171809,2026-03-20,2026-02-11,GLM-5,glm,False,linear_score,equal_family,68,31,146.2143478786918,744.0,225.80432377283327,-0.5178406818687802
20260320171809,2026-03-20,2026-02-11,GLM-5,glm,False,linear_score_date,equal_family,68,31,146.2143478786918,744.0,183.07296531586346,-0.6089487194856087
20260320171809,2026-03-20,2026-02-11,GLM-5,glm,False,live_60_40_blend,equal_family,68,31,146.2143478786918,744.0,207.62949068151573,-0.5542838969155115
20260320171809,2026-03-20,2026-02-11,GLM-5,glm,False,linear_architecture,equal_family,68,31,146.2143478786918,744.0,309.0142897098805,-0.381594372630246
20260320171809,2026-03-20,2026-02-11,GLM-5,glm,False,huber_score_date,equal_family,68,31,146.2143478786918,744.0,187.05177024404034,-0.5996111128615325
20260320171809,2026-03-20,2026-02-11,GLM-5,glm,False,huber_architecture,equal_family,68,31,146.2143478786918,744.0,311.06213609434514,-0.3787257855303068
20260320171809,2026-03-20,2026-02-11,GLM-5,glm,False,quadratic_score,equal_family,68,31,146.2143478786918,744.0,455.78615079641764,-0.212811810673597
20260320171809,2026-03-20,2026-02-11,GLM-5,glm,False,score_date_interaction,equal_family,68,31,146.2143478786918,744.0,981.082816753371,0.12013273375140843
20260320171809,2026-03-20,2026-02-11,GLM-5,glm,False,ridge_flexible,equal_family,68,31,146.2143478786918,744.0,695.8536616571826,-0.029055018660918197
20260320171809,2026-03-20,2026-02-11,GLM-5,glm,False,linear_tail_spline,equal_family,68,31,146.2143478786918,744.0,432.4872897368096,-0.23559958693181837
20260505224414,2026-05-05,2023-09-27,Mistral 7B v0.1,mistral7,False,linear_score,live_inverse_eci_ci,20,9,112.13256524807626,7.0,52.992737800053995,0.8791183173325151
20260505224414,2026-05-05,2023-09-27,Mistral 7B v0.1,mistral7,False,linear_score_date,live_inverse_eci_ci,20,9,112.13256524807626,7.0,43.56606808901818,0.7940503258820747
20260505224414,2026-05-05,2023-09-27,Mistral 7B v0.1,mistral7,False,live_60_40_blend,live_inverse_eci_ci,20,9,112.13256524807626,7.0,48.99921932894093,0.8450911207523389
20260505224414,2026-05-05,2023-09-27,Mistral 7B v0.1,mistral7,False,linear_architecture,live_inverse_eci_ci,20,9,112.13256524807626,7.0,43.56606808901818,0.7940503258820747
20260505224414,2026-05-05,2023-09-27,Mistral 7B v0.1,mistral7,False,huber_score_date,live_inverse_eci_ci,20,9,112.13256524807626,7.0,41.03892754633015,0.768097962996018
20260505224414,2026-05-05,2023-09-27,Mistral 7B v0.1,mistral7,False,huber_architecture,live_inverse_eci_ci,20,9,112.13256524807626,7.0,41.03892754633017,0.7680979629960182
20260505224414,2026-05-05,2023-09-27,Mistral 7B v0.1,mistral7,False,quadratic_score,live_inverse_eci_ci,20,9,112.13256524807626,7.0,42.946676478762186,0.7878315206376972
20260505224414,2026-05-05,2023-09-27,Mistral 7B v0.1,mistral7,False,score_date_interaction,live_inverse_eci_ci,20,9,112.13256524807626,7.0,62.55484122839821,0.951162886124184
20260505224414,2026-05-05,2023-09-27,Mistral 7B v0.1,mistral7,False,ridge_flexible,live_inverse_eci_ci,20,9,112.13256524807626,7.0,50.93672263999355,0.8619329582270981
20260505224414,2026-05-05,2023-09-27,Mistral 7B v0.1,mistral7,False,linear_tail_spline,live_inverse_eci_ci,20,9,112.13256524807626,7.0,47.83492154310534,0.834647025972805
20260505224414,2026-05-05,2023-09-27,Mistral 7B v0.1,mistral7,False,linear_score,equal_family,20,9,112.13256524807626,7.0,36.850539642126556,0.721345812069056
20260505224414,2026-05-05,2023-09-27,Mistral 7B v0.1,mistral7,False,linear_score_date,equal_family,20,9,112.13256524807626,7.0,19.18740813745061,0.4379182735630286
20260505224414,2026-05-05,2023-09-27,Mistral 7B v0.1,mistral7,False,live_60_40_blend,equal_family,20,9,112.13256524807626,7.0,28.383950232924505,0.607974796666645
20260505224414,2026-05-05,2023-09-27,Mistral 7B v0.1,mistral7,False,linear_architecture,equal_family,20,9,112.13256524807626,7.0,19.187408137450603,0.43791827356302837
20260505224414,2026-05-05,2023-09-27,Mistral 7B v0.1,mistral7,False,huber_score_date,equal_family,20,9,112.13256524807626,7.0,15.097936659828736,0.33381955903521254
20260505224414,2026-05-05,2023-09-27,Mistral 7B v0.1,mistral7,False,huber_architecture,equal_family,20,9,112.13256524807626,7.0,15.097936659828743,0.33381955903521277
20260505224414,2026-05-05,2023-09-27,Mistral 7B v0.1,mistral7,False,quadratic_score,equal_family,20,9,112.13256524807626,7.0,37.896953539897304,0.7335062592944589
20260505224414,2026-05-05,2023-09-27,Mistral 7B v0.1,mistral7,False,score_date_interaction,equal_family,20,9,112.13256524807626,7.0,93.94037820691885,1.1277542643197438
20260505224414,2026-05-05,2023-09-27,Mistral 7B v0.1,mistral7,False,ridge_flexible,equal_family,20,9,112.13256524807626,7.0,79.45618973707873,1.0550296949331583
20260505224414,2026-05-05,2023-09-27,Mistral 7B v0.1,mistral7,False,linear_tail_spline,equal_family,20,9,112.13256524807626,7.0,39.09659807384775,0.7470409296058477
20260505224414,2026-05-05,2024-05-07,"DeepSeek-V2 (MoE-236B, May 2024)",deepseek_v2,False,linear_score,live_inverse_eci_ci,41,17,125.08335059385549,236.0,35.11192209219547,-0.8274573987629217
20260505224414,2026-05-05,2024-05-07,"DeepSeek-V2 (MoE-236B, May 2024)",deepseek_v2,False,linear_score_date,live_inverse_eci_ci,41,17,125.08335059385549,236.0,26.39737461856881,-0.951351267212623
20260505224414,2026-05-05,2024-05-07,"DeepSeek-V2 (MoE-236B, May 2024)",deepseek_v2,False,live_60_40_blend,live_inverse_eci_ci,41,17,125.08335059385549,236.0,31.32543112650112,-0.8770149461428023
20260505224414,2026-05-05,2024-05-07,"DeepSeek-V2 (MoE-236B, May 2024)",deepseek_v2,False,linear_architecture,live_inverse_eci_ci,41,17,125.08335059385549,236.0,72.84823221682252,-0.5104929856121325
20260505224414,2026-05-05,2024-05-07,"DeepSeek-V2 (MoE-236B, May 2024)",deepseek_v2,False,huber_score_date,live_inverse_eci_ci,41,17,125.08335059385549,236.0,22.74313078658564,-1.0160617541510275
20260505224414,2026-05-05,2024-05-07,"DeepSeek-V2 (MoE-236B, May 2024)",deepseek_v2,False,huber_architecture,live_inverse_eci_ci,41,17,125.08335059385549,236.0,70.3703050932317,-0.5255225690377836
20260505224414,2026-05-05,2024-05-07,"DeepSeek-V2 (MoE-236B, May 2024)",deepseek_v2,False,quadratic_score,live_inverse_eci_ci,41,17,125.08335059385549,236.0,34.3157644245724,-0.8374183252082013
20260505224414,2026-05-05,2024-05-07,"DeepSeek-V2 (MoE-236B, May 2024)",deepseek_v2,False,score_date_interaction,live_inverse_eci_ci,41,17,125.08335059385549,236.0,24.98181957571129,-0.9752879355087929
20260505224414,2026-05-05,2024-05-07,"DeepSeek-V2 (MoE-236B, May 2024)",deepseek_v2,False,ridge_flexible,live_inverse_eci_ci,41,17,125.08335059385549,236.0,63.41647681779063,-0.5707098923855451
20260505224414,2026-05-05,2024-05-07,"DeepSeek-V2 (MoE-236B, May 2024)",deepseek_v2,False,linear_tail_spline,live_inverse_eci_ci,41,17,125.08335059385549,236.0,35.20529770216759,-0.8263039818300502
20260505224414,2026-05-05,2024-05-07,"DeepSeek-V2 (MoE-236B, May 2024)",deepseek_v2,False,linear_score,equal_family,41,17,125.08335059385549,236.0,32.24096049296872,-0.8645040315435462
20260505224414,2026-05-05,2024-05-07,"DeepSeek-V2 (MoE-236B, May 2024)",deepseek_v2,False,linear_score_date,equal_family,41,17,125.08335059385549,236.0,21.880724319213172,-1.0328503085888425
20260505224414,2026-05-05,2024-05-07,"DeepSeek-V2 (MoE-236B, May 2024)",deepseek_v2,False,live_60_40_blend,equal_family,41,17,125.08335059385549,236.0,27.610194154862683,-0.9318425423616647
20260505224414,2026-05-05,2024-05-07,"DeepSeek-V2 (MoE-236B, May 2024)",deepseek_v2,False,linear_architecture,equal_family,41,17,125.08335059385549,236.0,76.33395276657008,-0.49019425113138615
20260505224414,2026-05-05,2024-05-07,"DeepSeek-V2 (MoE-236B, May 2024)",deepseek_v2,False,huber_score_date,equal_family,41,17,125.08335059385549,236.0,17.053148159354976,-1.1411074377045143
20260505224414,2026-05-05,2024-05-07,"DeepSeek-V2 (MoE-236B, May 2024)",deepseek_v2,False,huber_architecture,equal_family,41,17,125.08335059385549,236.0,73.54756560862599,-0.5063437006208673
20260505224414,2026-05-05,2024-05-07,"DeepSeek-V2 (MoE-236B, May 2024)",deepseek_v2,False,quadratic_score,equal_family,41,17,125.08335059385549,236.0,37.90923570311026,-0.7941669743671431
20260505224414,2026-05-05,2024-05-07,"DeepSeek-V2 (MoE-236B, May 2024)",deepseek_v2,False,score_date_interaction,equal_family,41,17,125.08335059385549,236.0,36.25067685589526,-0.8135958830414103
20260505224414,2026-05-05,2024-05-07,"DeepSeek-V2 (MoE-236B, May 2024)",deepseek_v2,False,ridge_flexible,equal_family,41,17,125.08335059385549,236.0,84.88610441819067,-0.44407539951546204
20260505224414,2026-05-05,2024-05-07,"DeepSeek-V2 (MoE-236B, May 2024)",deepseek_v2,False,linear_tail_spline,equal_family,41,17,125.08335059385549,236.0,93.91663891978028,-0.40016946128028263
20260505224414,2026-05-05,2024-07-24,Mistral Large 2 (Jul 2024),mistral_large2,False,linear_score,live_inverse_eci_ci,50,23,127.61360410328088,123.0,70.84251784312521,-0.23961112320787503
20260505224414,2026-05-05,2024-07-24,Mistral Large 2 (Jul 2024),mistral_large2,False,linear_score_date,live_inverse_eci_ci,50,23,127.61360410328088,123.0,61.714828610684485,-0.29951558419635327
20260505224414,2026-05-05,2024-07-24,Mistral Large 2 (Jul 2024),mistral_large2,False,live_60_40_blend,live_inverse_eci_ci,50,23,127.61360410328088,123.0,67.03972186731852,-0.26357290760326646
20260505224414,2026-05-05,2024-07-24,Mistral Large 2 (Jul 2024),mistral_large2,False,linear_architecture,live_inverse_eci_ci,50,23,127.61360410328088,123.0,51.73667724080197,-0.3761065784837505
20260505224414,2026-05-05,2024-07-24,Mistral Large 2 (Jul 2024),mistral_large2,False,huber_score_date,live_inverse_eci_ci,50,23,127.61360410328088,123.0,61.5929836882155,-0.30037386873992733
20260505224414,2026-05-05,2024-07-24,Mistral Large 2 (Jul 2024),mistral_large2,False,huber_architecture,live_inverse_eci_ci,50,23,127.61360410328088,123.0,46.781754977976405,-0.41982860147044043
20260505224414,2026-05-05,2024-07-24,Mistral Large 2 (Jul 2024),mistral_large2,False,quadratic_score,live_inverse_eci_ci,50,23,127.61360410328088,123.0,111.26313464064086,-0.043553820188750425
20260505224414,2026-05-05,2024-07-24,Mistral Large 2 (Jul 2024),mistral_large2,False,score_date_interaction,live_inverse_eci_ci,50,23,127.61360410328088,123.0,101.8434067656808,-0.08197219295807656
20260505224414,2026-05-05,2024-07-24,Mistral Large 2 (Jul 2024),mistral_large2,False,ridge_flexible,live_inverse_eci_ci,50,23,127.61360410328088,123.0,105.19099555113411,-0.06792654604967252
20260505224414,2026-05-05,2024-07-24,Mistral Large 2 (Jul 2024),mistral_large2,False,linear_tail_spline,live_inverse_eci_ci,50,23,127.61360410328088,123.0,174.40573171372094,0.1516556421544939
20260505224414,2026-05-05,2024-07-24,Mistral Large 2 (Jul 2024),mistral_large2,False,linear_score,equal_family,50,23,127.61360410328088,123.0,48.30891863370704,-0.40587779526668744
20260505224414,2026-05-05,2024-07-24,Mistral Large 2 (Jul 2024),mistral_large2,False,linear_score_date,equal_family,50,23,127.61360410328088,123.0,39.459483679333545,-0.49375371315585026
20260505224414,2026-05-05,2024-07-24,Mistral Large 2 (Jul 2024),mistral_large2,False,live_60_40_blend,equal_family,50,23,127.61360410328088,123.0,44.55299961110729,-0.44102816242235265
20260505224414,2026-05-05,2024-07-24,Mistral Large 2 (Jul 2024),mistral_large2,False,linear_architecture,equal_family,50,23,127.61360410328088,123.0,27.764196978770684,-0.6464199945071711
20260505224414,2026-05-05,2024-07-24,Mistral Large 2 (Jul 2024),mistral_large2,False,huber_score_date,equal_family,50,23,127.61360410328088,123.0,34.031124035032704,-0.5580288175257757
20260505224414,2026-05-05,2024-07-24,Mistral Large 2 (Jul 2024),mistral_large2,False,huber_architecture,equal_family,50,23,127.61360410328088,123.0,25.010341817934055,-0.6917854841379985
20260505224414,2026-05-05,2024-07-24,Mistral Large 2 (Jul 2024),mistral_large2,False,quadratic_score,equal_family,50,23,127.61360410328088,123.0,82.24737077486503,-0.174783087810926
20260505224414,2026-05-05,2024-07-24,Mistral Large 2 (Jul 2024),mistral_large2,False,score_date_interaction,equal_family,50,23,127.61360410328088,123.0,79.60393485197106,-0.18897057583411536
20260505224414,2026-05-05,2024-07-24,Mistral Large 2 (Jul 2024),mistral_large2,False,ridge_flexible,equal_family,50,23,127.61360410328088,123.0,76.99575614426931,-0.20343832307105214
20260505224414,2026-05-05,2024-07-24,Mistral Large 2 (Jul 2024),mistral_large2,False,linear_tail_spline,equal_family,50,23,127.61360410328088,123.0,184.80954082974844,0.17681927656349616
20260505224414,2026-05-05,2024-09-18,Qwen2.5-Coder-32B,qwen25_coder,False,linear_score,live_inverse_eci_ci,51,24,119.55632243521976,32.0,41.69883565315198,0.11497395011977729
20260505224414,2026-05-05,2024-09-18,Qwen2.5-Coder-32B,qwen25_coder,False,linear_score_date,live_inverse_eci_ci,51,24,119.55632243521976,32.0,24.56488919618244,-0.11483516879859001
20260505224414,2026-05-05,2024-09-18,Qwen2.5-Coder-32B,qwen25_coder,False,live_60_40_blend,live_inverse_eci_ci,51,24,119.55632243521976,32.0,33.7442889210611,0.023050302552430457
20260505224414,2026-05-05,2024-09-18,Qwen2.5-Coder-32B,qwen25_coder,False,linear_architecture,live_inverse_eci_ci,51,24,119.55632243521976,32.0,23.038362279192246,-0.14269837502660576
20260505224414,2026-05-05,2024-09-18,Qwen2.5-Coder-32B,qwen25_coder,False,huber_score_date,live_inverse_eci_ci,51,24,119.55632243521976,32.0,23.90193518040059,-0.1267169140183706
20260505224414,2026-05-05,2024-09-18,Qwen2.5-Coder-32B,qwen25_coder,False,huber_architecture,live_inverse_eci_ci,51,24,119.55632243521976,32.0,21.828636583708896,-0.16612336779003445
20260505224414,2026-05-05,2024-09-18,Qwen2.5-Coder-32B,qwen25_coder,False,quadratic_score,live_inverse_eci_ci,51,24,119.55632243521976,32.0,12.896942114272035,-0.39466322773567164
20260505224414,2026-05-05,2024-09-18,Qwen2.5-Coder-32B,qwen25_coder,False,score_date_interaction,live_inverse_eci_ci,51,24,119.55632243521976,32.0,25.44769729620518,-0.09950148818136695
20260505224414,2026-05-05,2024-09-18,Qwen2.5-Coder-32B,qwen25_coder,False,ridge_flexible,live_inverse_eci_ci,51,24,119.55632243521976,32.0,39.67497887727053,0.09336672589116901
20260505224414,2026-05-05,2024-09-18,Qwen2.5-Coder-32B,qwen25_coder,False,linear_tail_spline,live_inverse_eci_ci,51,24,119.55632243521976,32.0,9.240836649023242,-0.5394386850646304
20260505224414,2026-05-05,2024-09-18,Qwen2.5-Coder-32B,qwen25_coder,False,linear_score,equal_family,51,24,119.55632243521976,32.0,34.58407134160418,0.03372614008913444
20260505224414,2026-05-05,2024-09-18,Qwen2.5-Coder-32B,qwen25_coder,False,linear_score_date,equal_family,51,24,119.55632243521976,32.0,21.57575083294731,-0.17118406028575417
20260505224414,2026-05-05,2024-09-18,Qwen2.5-Coder-32B,qwen25_coder,False,live_60_40_blend,equal_family,51,24,119.55632243521976,32.0,28.635979197814947,-0.04823794006082083
20260505224414,2026-05-05,2024-09-18,Qwen2.5-Coder-32B,qwen25_coder,False,linear_architecture,equal_family,51,24,119.55632243521976,32.0,17.7618057534474,-0.25566286209735556
20260505224414,2026-05-05,2024-09-18,Qwen2.5-Coder-32B,qwen25_coder,False,huber_score_date,equal_family,51,24,119.55632243521976,32.0,20.755523438494055,-0.18801628789117553
20260505224414,2026-05-05,2024-09-18,Qwen2.5-Coder-32B,qwen25_coder,False,huber_architecture,equal_family,51,24,119.55632243521976,32.0,17.04595606233085,-0.27352861364966663
20260505224414,2026-05-05,2024-09-18,Qwen2.5-Coder-32B,qwen25_coder,False,quadratic_score,equal_family,51,24,119.55632243521976,32.0,16.232295567269862,-0.29477003633098486
20260505224414,2026-05-05,2024-09-18,Qwen2.5-Coder-32B,qwen25_coder,False,score_date_interaction,equal_family,51,24,119.55632243521976,32.0,30.402078767252256,-0.022246698451896973
20260505224414,2026-05-05,2024-09-18,Qwen2.5-Coder-32B,qwen25_coder,False,ridge_flexible,equal_family,51,24,119.55632243521976,32.0,51.54178742179003,0.20700949708939143
20260505224414,2026-05-05,2024-09-18,Qwen2.5-Coder-32B,qwen25_coder,False,linear_tail_spline,equal_family,51,24,119.55632243521976,32.0,12.140302512920007,-0.4209204696651001
20260505224414,2026-05-05,2024-11-18,Mistral Large 2 (Nov 2024),mistral_large2,False,linear_score,live_inverse_eci_ci,55,26,128.83922916888176,123.0,78.56156672601787,-0.19469497559024673
20260505224414,2026-05-05,2024-11-18,Mistral Large 2 (Nov 2024),mistral_large2,False,linear_score_date,live_inverse_eci_ci,55,26,128.83922916888176,123.0,54.78047479164168,-0.35127931940140344
20260505224414,2026-05-05,2024-11-18,Mistral Large 2 (Nov 2024),mistral_large2,False,live_60_40_blend,live_inverse_eci_ci,55,26,128.83922916888176,123.0,68.0105674347976,-0.2573287131147093
20260505224414,2026-05-05,2024-11-18,Mistral Large 2 (Nov 2024),mistral_large2,False,linear_architecture,live_inverse_eci_ci,55,26,128.83922916888176,123.0,49.5125729293323,-0.39518961633438
20260505224414,2026-05-05,2024-11-18,Mistral Large 2 (Nov 2024),mistral_large2,False,huber_score_date,live_inverse_eci_ci,55,26,128.83922916888176,123.0,55.36195618949636,-0.346693684121943
20260505224414,2026-05-05,2024-11-18,Mistral Large 2 (Nov 2024),mistral_large2,False,huber_architecture,live_inverse_eci_ci,55,26,128.83922916888176,123.0,48.14440530079406,-0.4073592849459047
20260505224414,2026-05-05,2024-11-18,Mistral Large 2 (Nov 2024),mistral_large2,False,quadratic_score,live_inverse_eci_ci,55,26,128.83922916888176,123.0,82.88621605338935,-0.17142279789374837
20260505224414,2026-05-05,2024-11-18,Mistral Large 2 (Nov 2024),mistral_large2,False,score_date_interaction,live_inverse_eci_ci,55,26,128.83922916888176,123.0,118.74226439869024,-0.015299784834206243
20260505224414,2026-05-05,2024-11-18,Mistral Large 2 (Nov 2024),mistral_large2,False,ridge_flexible,live_inverse_eci_ci,55,26,128.83922916888176,123.0,91.4159383551453,-0.12888318992618397
20260505224414,2026-05-05,2024-11-18,Mistral Large 2 (Nov 2024),mistral_large2,False,linear_tail_spline,live_inverse_eci_ci,55,26,128.83922916888176,123.0,112.95443992025878,-0.03700180495706418
20260505224414,2026-05-05,2024-11-18,Mistral Large 2 (Nov 2024),mistral_large2,False,linear_score,equal_family,55,26,128.83922916888176,123.0,55.10987653882439,-0.34867567335109584
20260505224414,2026-05-05,2024-11-18,Mistral Large 2 (Nov 2024),mistral_large2,False,linear_score_date,equal_family,55,26,128.83922916888176,123.0,37.78200841036633,-0.5126200710786801
20260505224414,2026-05-05,2024-11-18,Mistral Large 2 (Nov 2024),mistral_large2,False,live_60_40_blend,equal_family,55,26,128.83922916888176,123.0,47.386177730305455,-0.41425343244212964
20260505224414,2026-05-05,2024-11-18,Mistral Large 2 (Nov 2024),mistral_large2,False,linear_architecture,equal_family,55,26,128.83922916888176,123.0,30.81308812653244,-0.6011698854008078
20260505224414,2026-05-05,2024-11-18,Mistral Large 2 (Nov 2024),mistral_large2,False,huber_score_date,equal_family,55,26,128.83922916888176,123.0,36.195802040304436,-0.5312469071065284
20260505224414,2026-05-05,2024-11-18,Mistral Large 2 (Nov 2024),mistral_large2,False,huber_architecture,equal_family,55,26,128.83922916888176,123.0,29.877643172660846,-0.6145587752397308
20260505224414,2026-05-05,2024-11-18,Mistral Large 2 (Nov 2024),mistral_large2,False,quadratic_score,equal_family,55,26,128.83922916888176,123.0,68.42255647751804,-0.2547058147073158
20260505224414,2026-05-05,2024-11-18,Mistral Large 2 (Nov 2024),mistral_large2,False,score_date_interaction,equal_family,55,26,128.83922916888176,123.0,103.03347420370596,-0.07692676731526049
20260505224414,2026-05-05,2024-11-18,Mistral Large 2 (Nov 2024),mistral_large2,False,ridge_flexible,equal_family,55,26,128.83922916888176,123.0,77.09542389025327,-0.2028765107969015
20260505224414,2026-05-05,2024-11-18,Mistral Large 2 (Nov 2024),mistral_large2,False,linear_tail_spline,equal_family,55,26,128.83922916888176,123.0,103.87325701546337,-0.07340136201105452
20260505224414,2026-05-05,2025-06-10,Magistral Small 1.1,mistral_small,False,linear_score,live_inverse_eci_ci,67,32,133.15008268897606,24.0,199.56006850661726,0.9198624026437359
20260505224414,2026-05-05,2025-06-10,Magistral Small 1.1,mistral_small,False,linear_score_date,live_inverse_eci_ci,67,32,133.15008268897606,24.0,147.12188931872353,0.7874660517032144
20260505224414,2026-05-05,2025-06-10,Magistral Small 1.1,mistral_small,False,live_60_40_blend,live_inverse_eci_ci,67,32,133.15008268897606,24.0,176.65059475663688,0.8669038622675269
20260505224414,2026-05-05,2025-06-10,Magistral Small 1.1,mistral_small,False,linear_architecture,live_inverse_eci_ci,67,32,133.15008268897606,24.0,44.28721771917677,0.26606715550330384
20260505224414,2026-05-05,2025-06-10,Magistral Small 1.1,mistral_small,False,huber_score_date,live_inverse_eci_ci,67,32,133.15008268897606,24.0,143.50943627661664,0.7766692167669627
20260505224414,2026-05-05,2025-06-10,Magistral Small 1.1,mistral_small,False,huber_architecture,live_inverse_eci_ci,67,32,133.15008268897606,24.0,41.77362447146567,0.2406909165716582
20260505224414,2026-05-05,2025-06-10,Magistral Small 1.1,mistral_small,False,quadratic_score,live_inverse_eci_ci,67,32,133.15008268897606,24.0,99.16311985043347,0.6161389402860846
20260505224414,2026-05-05,2025-06-10,Magistral Small 1.1,mistral_small,False,score_date_interaction,live_inverse_eci_ci,67,32,133.15008268897606,24.0,159.45987285674028,0.8224401717668028
20260505224414,2026-05-05,2025-06-10,Magistral Small 1.1,mistral_small,False,ridge_flexible,live_inverse_eci_ci,67,32,133.15008268897606,24.0,32.18860386533843,0.12749089848041484
20260505224414,2026-05-05,2025-06-10,Magistral Small 1.1,mistral_small,False,linear_tail_spline,live_inverse_eci_ci,67,32,133.15008268897606,24.0,101.56303400227996,0.6265244244046801
20260505224414,2026-05-05,2025-06-10,Magistral Small 1.1,mistral_small,False,linear_score,equal_family,67,32,133.15008268897606,24.0,98.38618144206995,0.6127228633773905
20260505224414,2026-05-05,2025-06-10,Magistral Small 1.1,mistral_small,False,linear_score_date,equal_family,67,32,133.15008268897606,24.0,71.09258815822815,0.4716130834939314
20260505224414,2026-05-05,2025-06-10,Magistral Small 1.1,mistral_small,False,live_60_40_blend,equal_family,67,32,133.15008268897606,24.0,86.39531514172747,0.556278951424007
20260505224414,2026-05-05,2025-06-10,Magistral Small 1.1,mistral_small,False,linear_architecture,equal_family,67,32,133.15008268897606,24.0,38.76584938539559,0.20823806237746334
20260505224414,2026-05-05,2025-06-10,Magistral Small 1.1,mistral_small,False,huber_score_date,equal_family,67,32,133.15008268897606,24.0,69.52791754107129,0.4619479801381918
20260505224414,2026-05-05,2025-06-10,Magistral Small 1.1,mistral_small,False,huber_architecture,equal_family,67,32,133.15008268897606,24.0,38.775914441178934,0.20835080673600226
20260505224414,2026-05-05,2025-06-10,Magistral Small 1.1,mistral_small,False,quadratic_score,equal_family,67,32,133.15008268897606,24.0,76.61463939017199,0.504100520073899
20260505224414,2026-05-05,2025-06-10,Magistral Small 1.1,mistral_small,False,score_date_interaction,equal_family,67,32,133.15008268897606,24.0,149.04180996245725,0.7930968742770546
20260505224414,2026-05-05,2025-06-10,Magistral Small 1.1,mistral_small,False,ridge_flexible,equal_family,67,32,133.15008268897606,24.0,36.61410258019837,0.18343715223732238
20260505224414,2026-05-05,2025-06-10,Magistral Small 1.1,mistral_small,False,linear_tail_spline,equal_family,67,32,133.15008268897606,24.0,82.05325277440522,0.5338845604230777
20260505224414,2026-05-05,2025-07-12,Kimi K2 (Jul 2025),kimi_k2,False,linear_score,live_inverse_eci_ci,68,33,140.62476949943343,1040.0,402.8720377563408,-0.411866214053735
20260505224414,2026-05-05,2025-07-12,Kimi K2 (Jul 2025),kimi_k2,False,linear_score_date,live_inverse_eci_ci,68,33,140.62476949943343,1040.0,324.4506556792261,-0.5058846831415571
20260505224414,2026-05-05,2025-07-12,Kimi K2 (Jul 2025),kimi_k2,False,live_60_40_blend,live_inverse_eci_ci,68,33,140.62476949943343,1040.0,369.45345953034763,-0.44947360168886386
20260505224414,2026-05-05,2025-07-12,Kimi K2 (Jul 2025),kimi_k2,False,linear_architecture,live_inverse_eci_ci,68,33,140.62476949943343,1040.0,514.0524438735561,-0.3060259111147068
20260505224414,2026-05-05,2025-07-12,Kimi K2 (Jul 2025),kimi_k2,False,huber_score_date,live_inverse_eci_ci,68,33,140.62476949943343,1040.0,337.6859777533934,-0.48852031215688685
20260505224414,2026-05-05,2025-07-12,Kimi K2 (Jul 2025),kimi_k2,False,huber_architecture,live_inverse_eci_ci,68,33,140.62476949943343,1040.0,533.650821240171,-0.28977615719618566
20260505224414,2026-05-05,2025-07-12,Kimi K2 (Jul 2025),kimi_k2,False,quadratic_score,live_inverse_eci_ci,68,33,140.62476949943343,1040.0,455.23864277747805,-0.35879421940754286
20260505224414,2026-05-05,2025-07-12,Kimi K2 (Jul 2025),kimi_k2,False,score_date_interaction,live_inverse_eci_ci,68,33,140.62476949943343,1040.0,590.5517703288237,-0.24577536354297713
20260505224414,2026-05-05,2025-07-12,Kimi K2 (Jul 2025),kimi_k2,False,ridge_flexible,live_inverse_eci_ci,68,33,140.62476949943343,1040.0,892.5373561290006,-0.06640693723592062
20260505224414,2026-05-05,2025-07-12,Kimi K2 (Jul 2025),kimi_k2,False,linear_tail_spline,live_inverse_eci_ci,68,33,140.62476949943343,1040.0,396.7043040908142,-0.41856642686912204
20260505224414,2026-05-05,2025-07-12,Kimi K2 (Jul 2025),kimi_k2,False,linear_score,equal_family,68,33,140.62476949943343,1040.0,141.93593951183541,-0.8649409624782507
20260505224414,2026-05-05,2025-07-12,Kimi K2 (Jul 2025),kimi_k2,False,linear_score_date,equal_family,68,33,140.62476949943343,1040.0,108.08353826387913,-0.9832737858225022
20260505224414,2026-05-05,2025-07-12,Kimi K2 (Jul 2025),kimi_k2,False,live_60_40_blend,equal_family,68,33,140.62476949943343,1040.0,127.27973062053957,-0.9122740918159513
20260505224414,2026-05-05,2025-07-12,Kimi K2 (Jul 2025),kimi_k2,False,linear_architecture,equal_family,68,33,140.62476949943343,1040.0,296.4816724571949,-0.5450354874558982
20260505224414,2026-05-05,2025-07-12,Kimi K2 (Jul 2025),kimi_k2,False,huber_score_date,equal_family,68,33,140.62476949943343,1040.0,103.88905625689581,-1.0004635382051705
20260505224414,2026-05-05,2025-07-12,Kimi K2 (Jul 2025),kimi_k2,False,huber_architecture,equal_family,68,33,140.62476949943343,1040.0,297.4718069520582,-0.5435875277732056
20260505224414,2026-05-05,2025-07-12,Kimi K2 (Jul 2025),kimi_k2,False,quadratic_score,equal_family,68,33,140.62476949943343,1040.0,318.9550160245413,-0.5133039028557254
20260505224414,2026-05-05,2025-07-12,Kimi K2 (Jul 2025),kimi_k2,False,score_date_interaction,equal_family,68,33,140.62476949943343,1040.0,356.57089155785593,-0.46488745237134
20260505224414,2026-05-05,2025-07-12,Kimi K2 (Jul 2025),kimi_k2,False,ridge_flexible,equal_family,68,33,140.62476949943343,1040.0,903.572054133971,-0.061070548793582535
20260505224414,2026-05-05,2025-07-12,Kimi K2 (Jul 2025),kimi_k2,False,linear_tail_spline,equal_family,68,33,140.62476949943343,1040.0,222.47639688855088,-0.6697493969921711
20260505224414,2026-05-05,2025-07-25,Qwen3-235B-A22B-Instruct (Jul 2025),qwen3_235,False,linear_score,live_inverse_eci_ci,68,33,139.06534593757564,235.0,389.3636878025301,0.21928758434131934
20260505224414,2026-05-05,2025-07-25,Qwen3-235B-A22B-Instruct (Jul 2025),qwen3_235,False,linear_score_date,live_inverse_eci_ci,68,33,139.06534593757564,235.0,308.5304021517174,0.11823010297331349
20260505224414,2026-05-05,2025-07-25,Qwen3-235B-A22B-Instruct (Jul 2025),qwen3_235,False,live_60_40_blend,live_inverse_eci_ci,68,33,139.06534593757564,235.0,354.75820930570654,0.17886459179411718
20260505224414,2026-05-05,2025-07-25,Qwen3-235B-A22B-Instruct (Jul 2025),qwen3_235,False,linear_architecture,live_inverse_eci_ci,68,33,139.06534593757564,235.0,504.61305527136915,0.3318906200552223
20260505224414,2026-05-05,2025-07-25,Qwen3-235B-A22B-Instruct (Jul 2025),qwen3_235,False,huber_score_date,live_inverse_eci_ci,68,33,139.06534593757564,235.0,315.2946487193328,0.12764873755518247
20260505224414,2026-05-05,2025-07-25,Qwen3-235B-A22B-Instruct (Jul 2025),qwen3_235,False,huber_architecture,live_inverse_eci_ci,68,33,139.06534593757564,235.0,513.7835902194557,0.3397123669093731
20260505224414,2026-05-05,2025-07-25,Qwen3-235B-A22B-Instruct (Jul 2025),qwen3_235,False,quadratic_score,live_inverse_eci_ci,68,33,139.06534593757564,235.0,349.1966980749169,0.17200226619071035
20260505224414,2026-05-05,2025-07-25,Qwen3-235B-A22B-Instruct (Jul 2025),qwen3_235,False,score_date_interaction,live_inverse_eci_ci,68,33,139.06534593757564,235.0,522.4893416385567,0.34700957334432525
20260505224414,2026-05-05,2025-07-25,Qwen3-235B-A22B-Instruct (Jul 2025),qwen3_235,False,ridge_flexible,live_inverse_eci_ci,68,33,139.06534593757564,235.0,648.4537865057645,0.440811168293783
20260505224414,2026-05-05,2025-07-25,Qwen3-235B-A22B-Instruct (Jul 2025),qwen3_235,False,linear_tail_spline,live_inverse_eci_ci,68,33,139.06534593757564,235.0,334.40199049117894,0.15320099159321643
20260505224414,2026-05-05,2025-07-25,Qwen3-235B-A22B-Instruct (Jul 2025),qwen3_235,False,linear_score,equal_family,68,33,139.06534593757564,235.0,149.49058285614382,-0.19645402708572268
20260505224414,2026-05-05,2025-07-25,Qwen3-235B-A22B-Instruct (Jul 2025),qwen3_235,False,linear_score_date,equal_family,68,33,139.06534593757564,235.0,117.09524146867737,-0.30252861575519097
20260505224414,2026-05-05,2025-07-25,Qwen3-235B-A22B-Instruct (Jul 2025),qwen3_235,False,live_60_40_blend,equal_family,68,33,139.06534593757564,235.0,135.57636938823407,-0.23888386255351035
20260505224414,2026-05-05,2025-07-25,Qwen3-235B-A22B-Instruct (Jul 2025),qwen3_235,False,linear_architecture,equal_family,68,33,139.06534593757564,235.0,366.9477766721469,0.19353639839194425
20260505224414,2026-05-05,2025-07-25,Qwen3-235B-A22B-Instruct (Jul 2025),qwen3_235,False,huber_score_date,equal_family,68,33,139.06534593757564,235.0,110.28064136996038,-0.32856857906157044
20260505224414,2026-05-05,2025-07-25,Qwen3-235B-A22B-Instruct (Jul 2025),qwen3_235,False,huber_architecture,equal_family,68,33,139.06534593757564,235.0,378.04963301016403,0.20648095853745785
20260505224414,2026-05-05,2025-07-25,Qwen3-235B-A22B-Instruct (Jul 2025),qwen3_235,False,quadratic_score,equal_family,68,33,139.06534593757564,235.0,291.1112587993867,0.09299113993757047
20260505224414,2026-05-05,2025-07-25,Qwen3-235B-A22B-Instruct (Jul 2025),qwen3_235,False,score_date_interaction,equal_family,68,33,139.06534593757564,235.0,407.272440648059,0.2388171609264167
20260505224414,2026-05-05,2025-07-25,Qwen3-235B-A22B-Instruct (Jul 2025),qwen3_235,False,ridge_flexible,equal_family,68,33,139.06534593757564,235.0,712.9178005237283,0.48197159628010544
20260505224414,2026-05-05,2025-07-25,Qwen3-235B-A22B-Instruct (Jul 2025),qwen3_235,False,linear_tail_spline,equal_family,68,33,139.06534593757564,235.0,305.7823665271548,0.11434457517880103
20260505224414,2026-05-05,2025-09-05,Kimi K2 (Sep 2025),kimi_k2,False,linear_score,live_inverse_eci_ci,72,34,141.1052706311659,1000.0,361.94659395669765,-0.4413555058783878
20260505224414,2026-05-05,2025-09-05,Kimi K2 (Sep 2025),kimi_k2,False,linear_score_date,live_inverse_eci_ci,72,34,141.1052706311659,1000.0,278.79033390068207,-0.5547222879856815
20260505224414,2026-05-05,2025-09-05,Kimi K2 (Sep 2025),kimi_k2,False,live_60_40_blend,live_inverse_eci_ci,72,34,141.1052706311659,1000.0,326.0601930001306,-0.48670221872130526
20260505224414,2026-05-05,2025-09-05,Kimi K2 (Sep 2025),kimi_k2,False,linear_architecture,live_inverse_eci_ci,72,34,141.1052706311659,1000.0,393.81324896155405,-0.404709677090477
20260505224414,2026-05-05,2025-09-05,Kimi K2 (Sep 2025),kimi_k2,False,huber_score_date,live_inverse_eci_ci,72,34,141.1052706311659,1000.0,280.06843915532056,-0.5527358289592303
20260505224414,2026-05-05,2025-09-05,Kimi K2 (Sep 2025),kimi_k2,False,huber_architecture,live_inverse_eci_ci,72,34,141.1052706311659,1000.0,400.37142494098407,-0.3975369262808788
20260505224414,2026-05-05,2025-09-05,Kimi K2 (Sep 2025),kimi_k2,False,quadratic_score,live_inverse_eci_ci,72,34,141.1052706311659,1000.0,310.64588998581803,-0.5077343879651997
20260505224414,2026-05-05,2025-09-05,Kimi K2 (Sep 2025),kimi_k2,False,score_date_interaction,live_inverse_eci_ci,72,34,141.1052706311659,1000.0,374.19315373402355,-0.42690416264770015
20260505224414,2026-05-05,2025-09-05,Kimi K2 (Sep 2025),kimi_k2,False,ridge_flexible,live_inverse_eci_ci,72,34,141.1052706311659,1000.0,409.4029811099174,-0.38784899930205885
20260505224414,2026-05-05,2025-09-05,Kimi K2 (Sep 2025),kimi_k2,False,linear_tail_spline,live_inverse_eci_ci,72,34,141.1052706311659,1000.0,255.5338188587714,-0.5925516146220247
20260505224414,2026-05-05,2025-09-05,Kimi K2 (Sep 2025),kimi_k2,False,linear_score,equal_family,72,34,141.1052706311659,1000.0,142.0321814488975,-0.8476132426437069
20260505224414,2026-05-05,2025-09-05,Kimi K2 (Sep 2025),kimi_k2,False,linear_score_date,equal_family,72,34,141.1052706311659,1000.0,106.37113701747373,-0.9731761984933271
20260505224414,2026-05-05,2025-09-05,Kimi K2 (Sep 2025),kimi_k2,False,live_60_40_blend,equal_family,72,34,141.1052706311659,1000.0,126.5206967804921,-0.8978384249835552
20260505224414,2026-05-05,2025-09-05,Kimi K2 (Sep 2025),kimi_k2,False,linear_architecture,equal_family,72,34,141.1052706311659,1000.0,256.81412795522806,-0.5903810883748997
20260505224414,2026-05-05,2025-09-05,Kimi K2 (Sep 2025),kimi_k2,False,huber_score_date,equal_family,72,34,141.1052706311659,1000.0,101.26453409400534,-0.9945426310878052
20260505224414,2026-05-05,2025-09-05,Kimi K2 (Sep 2025),kimi_k2,False,huber_architecture,equal_family,72,34,141.1052706311659,1000.0,259.57314159174643,-0.5857402466249257
20260505224414,2026-05-05,2025-09-05,Kimi K2 (Sep 2025),kimi_k2,False,quadratic_score,equal_family,72,34,141.1052706311659,1000.0,223.85546553953608,-0.650032297641117
20260505224414,2026-05-05,2025-09-05,Kimi K2 (Sep 2025),kimi_k2,False,score_date_interaction,equal_family,72,34,141.1052706311659,1000.0,267.5665207743817,-0.5725682285445526
20260505224414,2026-05-05,2025-09-05,Kimi K2 (Sep 2025),kimi_k2,False,ridge_flexible,equal_family,72,34,141.1052706311659,1000.0,582.1639280762428,-0.23495470773054894
20260505224414,2026-05-05,2025-09-05,Kimi K2 (Sep 2025),kimi_k2,False,linear_tail_spline,equal_family,72,34,141.1052706311659,1000.0,154.65096609590836,-0.8106473626390662
20260505224414,2026-05-05,2025-09-30,GLM-4.6,glm,False,linear_score,live_inverse_eci_ci,75,35,141.7172550168829,357.0,471.06080340610237,0.12040875233183757
20260505224414,2026-05-05,2025-09-30,GLM-4.6,glm,False,linear_score_date,live_inverse_eci_ci,75,35,141.7172550168829,357.0,415.5833206356078,0.06598989278911915
20260505224414,2026-05-05,2025-09-30,GLM-4.6,glm,False,live_60_40_blend,live_inverse_eci_ci,75,35,141.7172550168829,357.0,448.03240306101645,0.09864120851475011
20260505224414,2026-05-05,2025-09-30,GLM-4.6,glm,False,linear_architecture,live_inverse_eci_ci,75,35,141.7172550168829,357.0,321.0514598873791,-0.04609356702837175
20260505224414,2026-05-05,2025-09-30,GLM-4.6,glm,False,huber_score_date,live_inverse_eci_ci,75,35,141.7172550168829,357.0,423.2047905701583,0.0738823590453932
20260505224414,2026-05-05,2025-09-30,GLM-4.6,glm,False,huber_architecture,live_inverse_eci_ci,75,35,141.7172550168829,357.0,312.0103653374425,-0.05849919409990667
20260505224414,2026-05-05,2025-09-30,GLM-4.6,glm,False,quadratic_score,live_inverse_eci_ci,75,35,141.7172550168829,357.0,438.6544223588054,0.08945429600788657
20260505224414,2026-05-05,2025-09-30,GLM-4.6,glm,False,score_date_interaction,live_inverse_eci_ci,75,35,141.7172550168829,357.0,545.8983301215898,0.18444354970853594
20260505224414,2026-05-05,2025-09-30,GLM-4.6,glm,False,ridge_flexible,live_inverse_eci_ci,75,35,141.7172550168829,357.0,326.18142689351197,-0.03920898787913174
20260505224414,2026-05-05,2025-09-30,GLM-4.6,glm,False,linear_tail_spline,live_inverse_eci_ci,75,35,141.7172550168829,357.0,392.9070958022724,0.04162165601838197
20260505224414,2026-05-05,2025-09-30,GLM-4.6,glm,False,linear_score,equal_family,75,35,141.7172550168829,357.0,176.27161719510266,-0.3064858271701314
20260505224414,2026-05-05,2025-09-30,GLM-4.6,glm,False,linear_score_date,equal_family,75,35,141.7172550168829,357.0,143.1713470068711,-0.39681210513700593
20260505224414,2026-05-05,2025-09-30,GLM-4.6,glm,False,live_60_40_blend,equal_family,75,35,141.7172550168829,357.0,162.20038389242458,-0.3426163383568812
20260505224414,2026-05-05,2025-09-30,GLM-4.6,glm,False,linear_architecture,equal_family,75,35,141.7172550168829,357.0,198.83277779826759,-0.25418023623446695
20260505224414,2026-05-05,2025-09-30,GLM-4.6,glm,False,huber_score_date,equal_family,75,35,141.7172550168829,357.0,135.5357856939616,-0.4206142384109004
20260505224414,2026-05-05,2025-09-30,GLM-4.6,glm,False,huber_architecture,equal_family,75,35,141.7172550168829,357.0,200.65753404435847,-0.2502127453766785
20260505224414,2026-05-05,2025-09-30,GLM-4.6,glm,False,quadratic_score,equal_family,75,35,141.7172550168829,357.0,291.98279761809533,-0.08731095068983397
20260505224414,2026-05-05,2025-09-30,GLM-4.6,glm,False,score_date_interaction,equal_family,75,35,141.7172550168829,357.0,393.0214680066599,0.041748057373127256
20260505224414,2026-05-05,2025-09-30,GLM-4.6,glm,False,ridge_flexible,equal_family,75,35,141.7172550168829,357.0,260.22106334608395,-0.13732576891068815
20260505224414,2026-05-05,2025-09-30,GLM-4.6,glm,False,linear_tail_spline,equal_family,75,35,141.7172550168829,357.0,246.5038137707698,-0.16084457328276658
20260505224414,2026-05-05,2026-02-12,MiniMax-M2.5,minimax_m2,False,linear_score,live_inverse_eci_ci,81,36,147.50469541903718,228.703644928,846.8467790156018,0.5685317538654608
20260505224414,2026-05-05,2026-02-12,MiniMax-M2.5,minimax_m2,False,linear_score_date,live_inverse_eci_ci,81,36,147.50469541903718,228.703644928,779.0883283724193,0.5323136120121497
20260505224414,2026-05-05,2026-02-12,MiniMax-M2.5,minimax_m2,False,live_60_40_blend,live_inverse_eci_ci,81,36,147.50469541903718,228.703644928,819.0635196618028,0.5540444971241363
20260505224414,2026-05-05,2026-02-12,MiniMax-M2.5,minimax_m2,False,linear_architecture,live_inverse_eci_ci,81,36,147.50469541903718,228.703644928,665.4760321568118,0.46385933234298005
20260505224414,2026-05-05,2026-02-12,MiniMax-M2.5,minimax_m2,False,huber_score_date,live_inverse_eci_ci,81,36,147.50469541903718,228.703644928,783.4868784394255,0.5347586412942444
20260505224414,2026-05-05,2026-02-12,MiniMax-M2.5,minimax_m2,False,huber_architecture,live_inverse_eci_ci,81,36,147.50469541903718,228.703644928,669.7101261568234,0.46661377944779403
20260505224414,2026-05-05,2026-02-12,MiniMax-M2.5,minimax_m2,False,quadratic_score,live_inverse_eci_ci,81,36,147.50469541903718,228.703644928,887.2172283549213,0.5887568803735332
20260505224414,2026-05-05,2026-02-12,MiniMax-M2.5,minimax_m2,False,score_date_interaction,live_inverse_eci_ci,81,36,147.50469541903718,228.703644928,962.2279852898098,0.6240048975425276
20260505224414,2026-05-05,2026-02-12,MiniMax-M2.5,minimax_m2,False,ridge_flexible,live_inverse_eci_ci,81,36,147.50469541903718,228.703644928,793.8885183068699,0.5404864348006599
20260505224414,2026-05-05,2026-02-12,MiniMax-M2.5,minimax_m2,False,linear_tail_spline,live_inverse_eci_ci,81,36,147.50469541903718,228.703644928,766.1074949426588,0.5250166249662533
20260505224414,2026-05-05,2026-02-12,MiniMax-M2.5,minimax_m2,False,linear_score,equal_family,81,36,147.50469541903718,228.703644928,277.81980700480756,0.08449011912176374
20260505224414,2026-05-05,2026-02-12,MiniMax-M2.5,minimax_m2,False,linear_score_date,equal_family,81,36,147.50469541903718,228.703644928,232.9850682496909,0.008055002313055226
20260505224414,2026-05-05,2026-02-12,MiniMax-M2.5,minimax_m2,False,live_60_40_blend,equal_family,81,36,147.50469541903718,228.703644928,258.93404663477344,0.053916072398280335
20260505224414,2026-05-05,2026-02-12,MiniMax-M2.5,minimax_m2,False,linear_architecture,equal_family,81,36,147.50469541903718,228.703644928,330.40363326905646,0.15977172821361796
20260505224414,2026-05-05,2026-02-12,MiniMax-M2.5,minimax_m2,False,huber_score_date,equal_family,81,36,147.50469541903718,228.703644928,234.5072818094335,0.010883246606555819
20260505224414,2026-05-05,2026-02-12,MiniMax-M2.5,minimax_m2,False,huber_architecture,equal_family,81,36,147.50469541903718,228.703644928,334.5318514261899,0.16516438793093968
20260505224414,2026-05-05,2026-02-12,MiniMax-M2.5,minimax_m2,False,quadratic_score,equal_family,81,36,147.50469541903718,228.703644928,675.9757761613465,0.47065804695801816
20260505224414,2026-05-05,2026-02-12,MiniMax-M2.5,minimax_m2,False,score_date_interaction,equal_family,81,36,147.50469541903718,228.703644928,947.2422808651129,0.6171879887081366
20260505224414,2026-05-05,2026-02-12,MiniMax-M2.5,minimax_m2,False,ridge_flexible,equal_family,81,36,147.50469541903718,228.703644928,748.3523172672415,0.5148330216252952
20260505224414,2026-05-05,2026-02-12,MiniMax-M2.5,minimax_m2,False,linear_tail_spline,equal_family,81,36,147.50469541903718,228.703644928,535.7025535043334,0.3696506303445668
20260516072913,2026-05-16,2026-04-20,Kimi K2.6,kimi_k2,False,linear_score,live_inverse_eci_ci,78,36,151.64608006535616,1040.0,981.2827070683315,-0.025239193863872966
20260516072913,2026-05-16,2026-04-20,Kimi K2.6,kimi_k2,False,linear_score_date,live_inverse_eci_ci,78,36,151.64608006535616,1040.0,863.6079019405628,-0.08071673185997463
20260516072913,2026-05-16,2026-04-20,Kimi K2.6,kimi_k2,False,live_60_40_blend,live_inverse_eci_ci,78,36,151.64608006535616,1040.0,932.4018579294494,-0.047430209062313544
20260516072913,2026-05-16,2026-04-20,Kimi K2.6,kimi_k2,False,linear_architecture,live_inverse_eci_ci,78,36,151.64608006535616,1040.0,657.0423096357681,-0.19944000284445274
20260516072913,2026-05-16,2026-04-20,Kimi K2.6,kimi_k2,False,huber_score_date,live_inverse_eci_ci,78,36,151.64608006535616,1040.0,875.9890876785736,-0.07453464316551495
20260516072913,2026-05-16,2026-04-20,Kimi K2.6,kimi_k2,False,huber_architecture,live_inverse_eci_ci,78,36,151.64608006535616,1040.0,661.144499977166,-0.19673694988230528
20260516072913,2026-05-16,2026-04-20,Kimi K2.6,kimi_k2,False,quadratic_score,live_inverse_eci_ci,78,36,151.64608006535616,1040.0,1425.3383806847687,0.13688464042732162
20260516072913,2026-05-16,2026-04-20,Kimi K2.6,kimi_k2,False,score_date_interaction,live_inverse_eci_ci,78,36,151.64608006535616,1040.0,1415.1522002789116,0.1337698116474786
20260516072913,2026-05-16,2026-04-20,Kimi K2.6,kimi_k2,False,ridge_flexible,live_inverse_eci_ci,78,36,151.64608006535616,1040.0,911.9966687394195,-0.05704008731984889
20260516072913,2026-05-16,2026-04-20,Kimi K2.6,kimi_k2,False,linear_tail_spline,live_inverse_eci_ci,78,36,151.64608006535616,1040.0,921.5154042694854,-0.052530739913715596
20260516072913,2026-05-16,2026-04-20,Kimi K2.6,kimi_k2,False,linear_score,equal_family,78,36,151.64608006535616,1040.0,301.16751527579487,-0.5382252133946217
20260516072913,2026-05-16,2026-04-20,Kimi K2.6,kimi_k2,False,linear_score_date,equal_family,78,36,151.64608006535616,1040.0,239.27055993571634,-0.6381440733807562
20260516072913,2026-05-16,2026-04-20,Kimi K2.6,kimi_k2,False,live_60_40_blend,equal_family,78,36,151.64608006535616,1040.0,274.68856584854706,-0.5781927573890755
20260516072913,2026-05-16,2026-04-20,Kimi K2.6,kimi_k2,False,linear_architecture,equal_family,78,36,151.64608006535616,1040.0,311.17883244789556,-0.524023292317044
20260516072913,2026-05-16,2026-04-20,Kimi K2.6,kimi_k2,False,huber_score_date,equal_family,78,36,151.64608006535616,1040.0,242.76111067519483,-0.6318542235014215
20260516072913,2026-05-16,2026-04-20,Kimi K2.6,kimi_k2,False,huber_architecture,equal_family,78,36,151.64608006535616,1040.0,313.06424163719265,-0.5213998741939005
20260516072913,2026-05-16,2026-04-20,Kimi K2.6,kimi_k2,False,quadratic_score,equal_family,78,36,151.64608006535616,1040.0,963.0149610493424,-0.033400305081098036
20260516072913,2026-05-16,2026-04-20,Kimi K2.6,kimi_k2,False,score_date_interaction,equal_family,78,36,151.64608006535616,1040.0,1044.7891367881043,0.001995309071815665
20260516072913,2026-05-16,2026-04-20,Kimi K2.6,kimi_k2,False,ridge_flexible,equal_family,78,36,151.64608006535616,1040.0,922.8158088594417,-0.05191831343930842
20260516072913,2026-05-16,2026-04-20,Kimi K2.6,kimi_k2,False,linear_tail_spline,equal_family,78,36,151.64608006535616,1040.0,475.7961996950249,-0.33961237040390424
20260616024413,2026-06-16,2026-06-12,Kimi K2.7 Code,kimi_k2,True,linear_score,live_inverse_eci_ci,78,36,150.36456660922985,1040.0,893.3811889525458,-0.06599653557768681
20260616024413,2026-06-16,2026-06-12,Kimi K2.7 Code,kimi_k2,True,linear_score_date,live_inverse_eci_ci,78,36,150.36456660922985,1040.0,676.6518685073314,-0.18666805388239727
20260616024413,2026-06-16,2026-06-12,Kimi K2.7 Code,kimi_k2,True,live_60_40_blend,live_inverse_eci_ci,78,36,150.36456660922985,1040.0,799.4074593711471,-0.11426514289957135
20260616024413,2026-06-16,2026-06-12,Kimi K2.7 Code,kimi_k2,True,linear_architecture,live_inverse_eci_ci,78,36,150.36456660922985,1040.0,519.4368143996353,-0.3015006128656652
20260616024413,2026-06-16,2026-06-12,Kimi K2.7 Code,kimi_k2,True,huber_score_date,live_inverse_eci_ci,78,36,150.36456660922985,1040.0,668.8438946366952,-0.19170857221687543
20260616024413,2026-06-16,2026-06-12,Kimi K2.7 Code,kimi_k2,True,huber_architecture,live_inverse_eci_ci,78,36,150.36456660922985,1040.0,520.2953744116486,-0.3007833743991424
20260616024413,2026-06-16,2026-06-12,Kimi K2.7 Code,kimi_k2,True,quadratic_score,live_inverse_eci_ci,78,36,150.36456660922985,1040.0,903.5474711510287,-0.061082364563034286
20260616024413,2026-06-16,2026-06-12,Kimi K2.7 Code,kimi_k2,True,score_date_interaction,live_inverse_eci_ci,78,36,150.36456660922985,1040.0,1067.476396135259,0.01132494145538443
20260616024413,2026-06-16,2026-06-12,Kimi K2.7 Code,kimi_k2,True,ridge_flexible,live_inverse_eci_ci,78,36,150.36456660922985,1040.0,763.1818513806114,-0.13440530509090953
20260616024413,2026-06-16,2026-06-12,Kimi K2.7 Code,kimi_k2,True,linear_tail_spline,live_inverse_eci_ci,78,36,150.36456660922985,1040.0,599.2463542050883,-0.23942793881825164
20260616024413,2026-06-16,2026-06-12,Kimi K2.7 Code,kimi_k2,True,linear_score,equal_family,78,36,150.36456660922985,1040.0,304.53172413789133,-0.5334007979936857
20260616024413,2026-06-16,2026-06-12,Kimi K2.7 Code,kimi_k2,True,linear_score_date,equal_family,78,36,150.36456660922985,1040.0,209.14672425063546,-0.6965822724429205
20260616024413,2026-06-16,2026-06-12,Kimi K2.7 Code,kimi_k2,True,live_60_40_blend,equal_family,78,36,150.36456660922985,1040.0,262.0353907602176,-0.5986733877733799
20260616024413,2026-06-16,2026-06-12,Kimi K2.7 Code,kimi_k2,True,linear_architecture,equal_family,78,36,150.36456660922985,1040.0,261.34498856855276,-0.5998191626166505
20260616024413,2026-06-16,2026-06-12,Kimi K2.7 Code,kimi_k2,True,huber_score_date,equal_family,78,36,150.36456660922985,1040.0,209.41024527542865,-0.69603541382922
20260616024413,2026-06-16,2026-06-12,Kimi K2.7 Code,kimi_k2,True,huber_architecture,equal_family,78,36,150.36456660922985,1040.0,264.90350508707326,-0.5939456345692968
20260616024413,2026-06-16,2026-06-12,Kimi K2.7 Code,kimi_k2,True,quadratic_score,equal_family,78,36,150.36456660922985,1040.0,566.9846212595221,-0.26346205993445526
20260616024413,2026-06-16,2026-06-12,Kimi K2.7 Code,kimi_k2,True,score_date_interaction,equal_family,78,36,150.36456660922985,1040.0,804.4192655040907,-0.11155087607879377
20260616024413,2026-06-16,2026-06-12,Kimi K2.7 Code,kimi_k2,True,ridge_flexible,equal_family,78,36,150.36456660922985,1040.0,951.9129484417244,-0.03843610492692129
20260616024413,2026-06-16,2026-06-12,Kimi K2.7 Code,kimi_k2,True,linear_tail_spline,equal_family,78,36,150.36456660922985,1040.0,304.18105964777146,-0.5339011708261996
20260716153134,2026-07-16,2025-03-17,Mistral Small 3.1,mistral_small,False,linear_score,live_inverse_eci_ci,62,30,127.75129490314346,24.0,98.12444413558815,0.6115659678171881
20260716153134,2026-07-16,2025-03-17,Mistral Small 3.1,mistral_small,False,linear_score_date,live_inverse_eci_ci,62,30,127.75129490314346,24.0,48.58044578259046,0.30625025393722805
20260716153134,2026-07-16,2025-03-17,Mistral Small 3.1,mistral_small,False,live_60_40_blend,live_inverse_eci_ci,62,30,127.75129490314346,24.0,74.07146323962651,0.4894396822652043
20260716153134,2026-07-16,2025-03-17,Mistral Small 3.1,mistral_small,False,linear_architecture,live_inverse_eci_ci,62,30,127.75129490314346,24.0,34.10042643643382,0.15254856830236108
20260716153134,2026-07-16,2025-03-17,Mistral Small 3.1,mistral_small,False,huber_score_date,live_inverse_eci_ci,62,30,127.75129490314346,24.0,46.489000575884695,0.28713896807561357
20260716153134,2026-07-16,2025-03-17,Mistral Small 3.1,mistral_small,False,huber_architecture,live_inverse_eci_ci,62,30,127.75129490314346,24.0,34.59858750950872,0.15884712733123596
20260716153134,2026-07-16,2025-03-17,Mistral Small 3.1,mistral_small,False,quadratic_score,live_inverse_eci_ci,62,30,127.75129490314346,24.0,29.08175867502844,0.08340942456636902
20260716153134,2026-07-16,2025-03-17,Mistral Small 3.1,mistral_small,False,score_date_interaction,live_inverse_eci_ci,62,30,127.75129490314346,24.0,54.952849437849984,0.3597789748486435
20260716153134,2026-07-16,2025-03-17,Mistral Small 3.1,mistral_small,False,ridge_flexible,live_inverse_eci_ci,62,30,127.75129490314346,24.0,27.98375168620838,0.06669469672845763
20260716153134,2026-07-16,2025-03-17,Mistral Small 3.1,mistral_small,False,linear_tail_spline,live_inverse_eci_ci,62,30,127.75129490314346,24.0,29.47603554408637,0.08925782983948927
20260716153134,2026-07-16,2025-03-17,Mistral Small 3.1,mistral_small,False,linear_score,equal_family,62,30,127.75129490314346,24.0,65.9448145524782,0.4389694095766319
20260716153134,2026-07-16,2025-03-17,Mistral Small 3.1,mistral_small,False,linear_score_date,equal_family,62,30,127.75129490314346,24.0,38.90449727864254,0.20978856605122376
20260716153134,2026-07-16,2025-03-17,Mistral Small 3.1,mistral_small,False,live_60_40_blend,equal_family,62,30,127.75129490314346,24.0,53.39594952827967,0.34729707216646855
20260716153134,2026-07-16,2025-03-17,Mistral Small 3.1,mistral_small,False,linear_architecture,equal_family,62,30,127.75129490314346,24.0,29.7613432091138,0.09344128647748828
20260716153134,2026-07-16,2025-03-17,Mistral Small 3.1,mistral_small,False,huber_score_date,equal_family,62,30,127.75129490314346,24.0,36.39490854260415,0.18082939065965498
20260716153134,2026-07-16,2025-03-17,Mistral Small 3.1,mistral_small,False,huber_architecture,equal_family,62,30,127.75129490314346,24.0,29.799721276412086,0.0940009603283305
20260716153134,2026-07-16,2025-03-17,Mistral Small 3.1,mistral_small,False,quadratic_score,equal_family,62,30,127.75129490314346,24.0,34.29057748368839,0.15496355736855882
20260716153134,2026-07-16,2025-03-17,Mistral Small 3.1,mistral_small,False,score_date_interaction,equal_family,62,30,127.75129490314346,24.0,65.93399463134814,0.4388981466939741
20260716153134,2026-07-16,2025-03-17,Mistral Small 3.1,mistral_small,False,ridge_flexible,equal_family,62,30,127.75129490314346,24.0,36.89010322599279,0.1866986287609642
20260716153134,2026-07-16,2025-03-17,Mistral Small 3.1,mistral_small,False,linear_tail_spline,equal_family,62,30,127.75129490314346,24.0,38.75942869827238,0.2081661253509104
20260716153134,2026-07-16,2026-03-18,MiniMax-M2.7,minimax_m2,False,linear_score,live_inverse_eci_ci,82,36,145.6051733104695,228.703644928,705.4726739462208,0.48920711012306217
20260716153134,2026-07-16,2026-03-18,MiniMax-M2.7,minimax_m2,False,linear_score_date,live_inverse_eci_ci,82,36,145.6051733104695,228.703644928,552.0667687678886,0.38271851974530335
20260716153134,2026-07-16,2026-03-18,MiniMax-M2.7,minimax_m2,False,live_60_40_blend,live_inverse_eci_ci,82,36,145.6051733104695,228.703644928,639.5651046202663,0.446611673971959
20260716153134,2026-07-16,2026-03-18,MiniMax-M2.7,minimax_m2,False,linear_architecture,live_inverse_eci_ci,82,36,145.6051733104695,228.703644928,501.35261472263835,0.3408701981140303
20260716153134,2026-07-16,2026-03-18,MiniMax-M2.7,minimax_m2,False,huber_score_date,live_inverse_eci_ci,82,36,145.6051733104695,228.703644928,537.5821856167117,0.3711717824847396
20260716153134,2026-07-16,2026-03-18,MiniMax-M2.7,minimax_m2,False,huber_architecture,live_inverse_eci_ci,82,36,145.6051733104695,228.703644928,496.1275498938776,0.33632025785680586
20260716153134,2026-07-16,2026-03-18,MiniMax-M2.7,minimax_m2,False,quadratic_score,live_inverse_eci_ci,82,36,145.6051733104695,228.703644928,510.48683132863846,0.3487114572155563
20260716153134,2026-07-16,2026-03-18,MiniMax-M2.7,minimax_m2,False,score_date_interaction,live_inverse_eci_ci,82,36,145.6051733104695,228.703644928,642.946861428269,0.4489019944735593
20260716153134,2026-07-16,2026-03-18,MiniMax-M2.7,minimax_m2,False,ridge_flexible,live_inverse_eci_ci,82,36,145.6051733104695,228.703644928,544.4142119754256,0.3766563678093715
20260716153134,2026-07-16,2026-03-18,MiniMax-M2.7,minimax_m2,False,linear_tail_spline,live_inverse_eci_ci,82,36,145.6051733104695,228.703644928,460.0540255785151,0.30353574907017755
20260716153134,2026-07-16,2026-03-18,MiniMax-M2.7,minimax_m2,False,linear_score,equal_family,82,36,145.6051733104695,228.703644928,274.71180906698027,0.07960424272566069
20260716153134,2026-07-16,2026-03-18,MiniMax-M2.7,minimax_m2,False,linear_score_date,equal_family,82,36,145.6051733104695,228.703644928,204.25483994829418,-0.049100729950954936
20260716153134,2026-07-16,2026-03-18,MiniMax-M2.7,minimax_m2,False,live_60_40_blend,equal_family,82,36,145.6051733104695,228.703644928,244.00309766092298,0.028122253655014084
20260716153134,2026-07-16,2026-03-18,MiniMax-M2.7,minimax_m2,False,linear_architecture,equal_family,82,36,145.6051733104695,228.703644928,280.6238273985205,0.08885145746756695
20260716153134,2026-07-16,2026-03-18,MiniMax-M2.7,minimax_m2,False,huber_score_date,equal_family,82,36,145.6051733104695,228.703644928,204.56965881359392,-0.04843186532352606
20260716153134,2026-07-16,2026-03-18,MiniMax-M2.7,minimax_m2,False,huber_architecture,equal_family,82,36,145.6051733104695,228.703644928,284.62567545670834,0.09500098810503177
20260716153134,2026-07-16,2026-03-18,MiniMax-M2.7,minimax_m2,False,quadratic_score,equal_family,82,36,145.6051733104695,228.703644928,392.4741500621117,0.234537971467625
20260716153134,2026-07-16,2026-03-18,MiniMax-M2.7,minimax_m2,False,score_date_interaction,equal_family,82,36,145.6051733104695,228.703644928,717.8010506523977,0.4967310035175547
20260716153134,2026-07-16,2026-03-18,MiniMax-M2.7,minimax_m2,False,ridge_flexible,equal_family,82,36,145.6051733104695,228.703644928,490.66118896754364,0.33150862072160603
20260716153134,2026-07-16,2026-03-18,MiniMax-M2.7,minimax_m2,False,linear_tail_spline,equal_family,82,36,145.6051733104695,228.703644928,329.4211866635892,0.15847844114124232
20260716153134,2026-07-16,2026-04-24,DeepSeek-V4-Pro,deepseek_v4,False,linear_score,live_inverse_eci_ci,85,37,149.7379757099859,1600.0,1019.8134636527403,-0.19559924139876506
20260716153134,2026-07-16,2026-04-24,DeepSeek-V4-Pro,deepseek_v4,False,linear_score_date,live_inverse_eci_ci,85,37,149.7379757099859,1600.0,860.4550573204168,-0.2693917911619801
20260716153134,2026-07-16,2026-04-24,DeepSeek-V4-Pro,deepseek_v4,False,live_60_40_blend,live_inverse_eci_ci,85,37,149.7379757099859,1600.0,952.8043283110854,-0.22511626130405116
20260716153134,2026-07-16,2026-04-24,DeepSeek-V4-Pro,deepseek_v4,False,linear_architecture,live_inverse_eci_ci,85,37,149.7379757099859,1600.0,712.8934528825635,-0.3510953564266375
20260716153134,2026-07-16,2026-04-24,DeepSeek-V4-Pro,deepseek_v4,False,huber_score_date,live_inverse_eci_ci,85,37,149.7379757099859,1600.0,855.3863550610454,-0.27195766445194103
20260716153134,2026-07-16,2026-04-24,DeepSeek-V4-Pro,deepseek_v4,False,huber_architecture,live_inverse_eci_ci,85,37,149.7379757099859,1600.0,716.7205372308297,-0.34877013353976194
20260716153134,2026-07-16,2026-04-24,DeepSeek-V4-Pro,deepseek_v4,False,quadratic_score,live_inverse_eci_ci,85,37,149.7379757099859,1600.0,1031.8693226091502,-0.19049528155001338
20260716153134,2026-07-16,2026-04-24,DeepSeek-V4-Pro,deepseek_v4,False,score_date_interaction,live_inverse_eci_ci,85,37,149.7379757099859,1600.0,1098.712398707349,-0.16323595720284656
20260716153134,2026-07-16,2026-04-24,DeepSeek-V4-Pro,deepseek_v4,False,ridge_flexible,live_inverse_eci_ci,85,37,149.7379757099859,1600.0,896.1350460763232,-0.2517465205983571
20260716153134,2026-07-16,2026-04-24,DeepSeek-V4-Pro,deepseek_v4,False,linear_tail_spline,live_inverse_eci_ci,85,37,149.7379757099859,1600.0,793.743402365416,-0.30443985421819386
20260716153134,2026-07-16,2026-04-24,DeepSeek-V4-Pro,deepseek_v4,False,linear_score,equal_family,85,37,149.7379757099859,1600.0,359.4074375901461,-0.6485329224847032
20260716153134,2026-07-16,2026-04-24,DeepSeek-V4-Pro,deepseek_v4,False,linear_score_date,equal_family,85,37,149.7379757099859,1600.0,284.2685042807279,-0.7503912382479663
20260716153134,2026-07-16,2026-04-24,DeepSeek-V4-Pro,deepseek_v4,False,live_60_40_blend,equal_family,85,37,149.7379757099859,1600.0,327.2229336236338,-0.6892762487900086
20260716153134,2026-07-16,2026-04-24,DeepSeek-V4-Pro,deepseek_v4,False,linear_architecture,equal_family,85,37,149.7379757099859,1600.0,344.35840552103986,-0.6671092944144399
20260716153134,2026-07-16,2026-04-24,DeepSeek-V4-Pro,deepseek_v4,False,huber_score_date,equal_family,85,37,149.7379757099859,1600.0,284.72315049197886,-0.7496972021188602
20260716153134,2026-07-16,2026-04-24,DeepSeek-V4-Pro,deepseek_v4,False,huber_architecture,equal_family,85,37,149.7379757099859,1600.0,347.1015646105535,-0.663663411334849
20260716153134,2026-07-16,2026-04-24,DeepSeek-V4-Pro,deepseek_v4,False,quadratic_score,equal_family,85,37,149.7379757099859,1600.0,810.4825751526604,-0.29537630041944185
20260716153134,2026-07-16,2026-04-24,DeepSeek-V4-Pro,deepseek_v4,False,score_date_interaction,equal_family,85,37,149.7379757099859,1600.0,977.244898938852,-0.21411657049304722
20260716153134,2026-07-16,2026-04-24,DeepSeek-V4-Pro,deepseek_v4,False,ridge_flexible,equal_family,85,37,149.7379757099859,1600.0,782.6184161080597,-0.31056991941325984
20260716153134,2026-07-16,2026-04-24,DeepSeek-V4-Pro,deepseek_v4,False,linear_tail_spline,equal_family,85,37,149.7379757099859,1600.0,518.7300142069757,-0.48917860524774115
20260716153134,2026-07-16,2026-06-16,GLM-5.2,glm,False,linear_score,live_inverse_eci_ci,84,37,151.59769193518366,744.0,1300.3762783395664,0.24249610288495127
20260716153134,2026-07-16,2026-06-16,GLM-5.2,glm,False,linear_score_date,live_inverse_eci_ci,84,37,151.59769193518366,744.0,1124.3980810903086,0.17934716021858765
20260716153134,2026-07-16,2026-06-16,GLM-5.2,glm,False,live_60_40_blend,live_inverse_eci_ci,84,37,151.59769193518366,744.0,1226.9008331135165,0.2172365258184059
20260716153134,2026-07-16,2026-06-16,GLM-5.2,glm,False,linear_architecture,live_inverse_eci_ci,84,37,151.59769193518366,744.0,930.9692160103689,0.09736238502959482
20260716153134,2026-07-16,2026-06-16,GLM-5.2,glm,False,huber_score_date,live_inverse_eci_ci,84,37,151.59769193518366,744.0,1120.972123084014,0.17802187692302596
20260716153134,2026-07-16,2026-06-16,GLM-5.2,glm,False,huber_architecture,live_inverse_eci_ci,84,37,151.59769193518366,744.0,943.061433486245,0.1029670491904442
20260716153134,2026-07-16,2026-06-16,GLM-5.2,glm,False,quadratic_score,live_inverse_eci_ci,84,37,151.59769193518366,744.0,1397.2543249767245,0.27370252703307774
20260716153134,2026-07-16,2026-06-16,GLM-5.2,glm,False,score_date_interaction,live_inverse_eci_ci,84,37,151.59769193518366,744.0,1483.4721877175373,0.2997064729876504
20260716153134,2026-07-16,2026-06-16,GLM-5.2,glm,False,ridge_flexible,live_inverse_eci_ci,84,37,151.59769193518366,744.0,1201.8232839214772,0.20826767816084635
20260716153134,2026-07-16,2026-06-16,GLM-5.2,glm,False,linear_tail_spline,live_inverse_eci_ci,84,37,151.59769193518366,744.0,1076.9098125926691,0.16060639864032789
20260716153134,2026-07-16,2026-06-16,GLM-5.2,glm,False,linear_score,equal_family,84,37,151.59769193518366,744.0,455.5047150156931,-0.21308005874904712
20260716153134,2026-07-16,2026-06-16,GLM-5.2,glm,False,linear_score_date,equal_family,84,37,151.59769193518366,744.0,379.0646850416483,-0.2928596095893634
20260716153134,2026-07-16,2026-06-16,GLM-5.2,glm,False,live_60_40_blend,equal_family,84,37,151.59769193518366,744.0,423.23449457687127,-0.24499187908517328
20260716153134,2026-07-16,2026-06-16,GLM-5.2,glm,False,linear_architecture,equal_family,84,37,151.59769193518366,744.0,458.425588645529,-0.2103040842274897
20260716153134,2026-07-16,2026-06-16,GLM-5.2,glm,False,huber_score_date,equal_family,84,37,151.59769193518366,744.0,380.8961660250882,-0.29076633432764165
20260716153134,2026-07-16,2026-06-16,GLM-5.2,glm,False,huber_architecture,equal_family,84,37,151.59769193518366,744.0,463.3371513261513,-0.20567581132141477
20260716153134,2026-07-16,2026-06-16,GLM-5.2,glm,False,quadratic_score,equal_family,84,37,151.59769193518366,744.0,1185.610623216628,0.20236914643864257
20260716153134,2026-07-16,2026-06-16,GLM-5.2,glm,False,score_date_interaction,equal_family,84,37,151.59769193518366,744.0,1522.6395751162358,0.3110241778604763
20260716153134,2026-07-16,2026-06-16,GLM-5.2,glm,False,ridge_flexible,equal_family,84,37,151.59769193518366,744.0,1237.8965546433255,0.2211114186498122
20260716153134,2026-07-16,2026-06-16,GLM-5.2,glm,False,linear_tail_spline,equal_family,84,37,151.59769193518366,744.0,848.6156058326206,0.05713807852703967
