specification,model,release_date,family,architecture,reasoning,actual_b,predicted_b,log10_error,multiplicative_error,train_n,train_families,train_max_date,test_family_excluded,frontier_signal_rank,coefficients_json
live_eci_60_40,Mistral 7B v0.1,2023-09-27,mistral7,Dense,0,7.0,33.666659352092886,0.6821019846919102,4.809522764584698,20,9,2023-09-20,True,0.9,[]
lean_score_only,Mistral 7B v0.1,2023-09-27,mistral7,Dense,0,7.0,43.52794433291888,0.7936701174727842,6.218277761845554,20,9,2023-09-20,True,0.9,[]
architecture_score_date_moe,Mistral 7B v0.1,2023-09-27,mistral7,Dense,0,7.0,22.900650856028165,0.5147497855205981,3.271521550861167,20,9,2023-09-20,True,0.9,"[-2.5255439203899614, 0.042301181157598164, -1.1536834298871828, 0.0]"
architecture_score_date_moe_reasoning,Mistral 7B v0.1,2023-09-27,mistral7,Dense,0,7.0,22.90065085602821,0.514749785520599,3.2715215508611735,20,9,2023-09-20,True,0.9,"[-2.5255439203899614, 0.04230118115759817, -1.1536834298871828, 0.0, 0.0]"
active_then_date_sparsity,Mistral 7B v0.1,2023-09-27,mistral7,Dense,0,7.0,22.90065085602821,0.514749785520599,3.2715215508611735,20,9,2023-09-20,True,0.9,"[-2.5255439203899614, 0.04230118115759817, -1.1536834298871828]"
live_eci_60_40,Qwen-14B,2023-09-28,qwen1,Dense,0,14.0,20.701060795107185,0.16986456512444792,1.4786471996505135,21,10,2023-09-27,True,0.9047619047619048,[]
lean_score_only,Qwen-14B,2023-09-28,qwen1,Dense,0,14.0,25.421945368063668,0.25908074540555437,1.8158532405759766,21,10,2023-09-27,True,0.9047619047619048,[]
architecture_score_date_moe,Qwen-14B,2023-09-28,qwen1,Dense,0,14.0,15.211370006225046,0.03604029470278847,1.0865264290160748,21,10,2023-09-27,True,0.9047619047619048,"[-1.891715732077786, 0.03639129606517514, -1.3928512897316538, 0.0]"
architecture_score_date_moe_reasoning,Qwen-14B,2023-09-28,qwen1,Dense,0,14.0,15.211370006225046,0.03604029470278847,1.0865264290160748,21,10,2023-09-27,True,0.9047619047619048,"[-1.891715732077786, 0.03639129606517514, -1.3928512897316538, 0.0, 0.0]"
active_then_date_sparsity,Qwen-14B,2023-09-28,qwen1,Dense,0,14.0,15.21137000622503,0.03604029470278802,1.0865264290160737,21,10,2023-09-27,True,0.9047619047619048,"[-1.891715732077786, 0.03639129606517514, -1.3928512897316543]"
live_eci_60_40,Qwen-7B,2023-09-28,qwen1,Dense,0,7.0,13.600462459417864,0.28845563601467983,1.9429232084882662,21,10,2023-09-27,True,0.7142857142857143,[]
lean_score_only,Qwen-7B,2023-09-28,qwen1,Dense,0,7.0,17.89843140657743,0.4077169316741288,2.5569187723682045,21,10,2023-09-27,True,0.7142857142857143,[]
architecture_score_date_moe,Qwen-7B,2023-09-28,qwen1,Dense,0,7.0,9.008691866196042,0.1095636925255069,1.286955980885149,21,10,2023-09-27,True,0.7142857142857143,"[-1.891715732077786, 0.03639129606517514, -1.3928512897316538, 0.0]"
architecture_score_date_moe_reasoning,Qwen-7B,2023-09-28,qwen1,Dense,0,7.0,9.008691866196042,0.1095636925255069,1.286955980885149,21,10,2023-09-27,True,0.7142857142857143,"[-1.891715732077786, 0.03639129606517514, -1.3928512897316538, 0.0, 0.0]"
active_then_date_sparsity,Qwen-7B,2023-09-28,qwen1,Dense,0,7.0,9.008691866196033,0.10956369252550646,1.2869559808851476,21,10,2023-09-27,True,0.7142857142857143,"[-1.891715732077786, 0.03639129606517514, -1.3928512897316543]"
live_eci_60_40,DeepSeek Coder 1.3B,2023-11-02,deepseek_coder,Dense,0,1.3,0.7604508978663533,-0.23287217530394155,1.7095120850636047,23,11,2023-09-28,True,0.0,[]
lean_score_only,DeepSeek Coder 1.3B,2023-11-02,deepseek_coder,Dense,0,1.3,1.9693433014898405,0.18037807787225296,1.5148794626844926,23,11,2023-09-28,True,0.0,[]
architecture_score_date_moe,DeepSeek Coder 1.3B,2023-11-02,deepseek_coder,Dense,0,1.3,0.18247181724857173,-0.8527475550682334,7.1243878622038315,23,11,2023-09-28,True,0.0,"[-1.8530579323849086, 0.03608586735750318, -1.4245472699711303, 0.0]"
architecture_score_date_moe_reasoning,DeepSeek Coder 1.3B,2023-11-02,deepseek_coder,Dense,0,1.3,0.18247181724857192,-0.852747555068233,7.124387862203824,23,11,2023-09-28,True,0.0,"[-1.8530579323849086, 0.03608586735750318, -1.42454726997113, 0.0, 0.0]"
active_then_date_sparsity,DeepSeek Coder 1.3B,2023-11-02,deepseek_coder,Dense,0,1.3,0.18247181724857173,-0.8527475550682334,7.1243878622038315,23,11,2023-09-28,True,0.0,"[-1.8530579323849086, 0.03608586735750318, -1.4245472699711303]"
live_eci_60_40,DeepSeek Coder 33B,2023-11-02,deepseek_coder,Dense,0,33.0,5.657134322285335,-0.7659174491815374,5.833342134020403,23,11,2023-09-28,True,0.30434782608695654,[]
lean_score_only,DeepSeek Coder 33B,2023-11-02,deepseek_coder,Dense,0,33.0,9.427498939216793,-0.5441174476670894,3.5003981663392834,23,11,2023-09-28,True,0.30434782608695654,[]
architecture_score_date_moe,DeepSeek Coder 33B,2023-11-02,deepseek_coder,Dense,0,33.0,2.629641157452154,-1.0986174514532094,12.54924076103735,23,11,2023-09-28,True,0.30434782608695654,"[-1.8530579323849086, 0.03608586735750318, -1.4245472699711303, 0.0]"
architecture_score_date_moe_reasoning,DeepSeek Coder 33B,2023-11-02,deepseek_coder,Dense,0,33.0,2.6296411574521565,-1.098617451453209,12.549240761037336,23,11,2023-09-28,True,0.30434782608695654,"[-1.8530579323849086, 0.03608586735750318, -1.42454726997113, 0.0, 0.0]"
active_then_date_sparsity,DeepSeek Coder 33B,2023-11-02,deepseek_coder,Dense,0,33.0,2.629641157452154,-1.0986174514532094,12.54924076103735,23,11,2023-09-28,True,0.30434782608695654,"[-1.8530579323849086, 0.03608586735750318, -1.4245472699711303]"
live_eci_60_40,DeepSeek Coder 6.7B,2023-11-02,deepseek_coder,Dense,0,6.7,3.716989206539762,-0.25588350271541205,1.8025341553889518,23,11,2023-09-28,True,0.043478260869565216,[]
lean_score_only,DeepSeek Coder 6.7B,2023-11-02,deepseek_coder,Dense,0,6.7,6.792986135418953,0.005985925489607968,1.0138785276744706,23,11,2023-09-28,True,0.043478260869565216,[]
architecture_score_date_moe,DeepSeek Coder 6.7B,2023-11-02,deepseek_coder,Dense,0,6.7,1.5044825597410763,-0.648687645022942,4.453358370038587,23,11,2023-09-28,True,0.043478260869565216,"[-1.8530579323849086, 0.03608586735750318, -1.4245472699711303, 0.0]"
architecture_score_date_moe_reasoning,DeepSeek Coder 6.7B,2023-11-02,deepseek_coder,Dense,0,6.7,1.5044825597410778,-0.6486876450229415,4.453358370038583,23,11,2023-09-28,True,0.043478260869565216,"[-1.8530579323849086, 0.03608586735750318, -1.42454726997113, 0.0, 0.0]"
active_then_date_sparsity,DeepSeek Coder 6.7B,2023-11-02,deepseek_coder,Dense,0,6.7,1.5044825597410763,-0.648687645022942,4.453358370038587,23,11,2023-09-28,True,0.043478260869565216,"[-1.8530579323849086, 0.03608586735750318, -1.4245472699711303]"
live_eci_60_40,Yi 6B,2023-11-02,yi,Dense,0,6.0,9.624896376652735,0.2052448121303837,1.6041493961087891,23,11,2023-09-28,True,0.6086956521739131,[]
lean_score_only,Yi 6B,2023-11-02,yi,Dense,0,6.0,14.272357537577657,0.37634446631853535,2.3787262562629428,23,11,2023-09-28,True,0.6086956521739131,[]
architecture_score_date_moe,Yi 6B,2023-11-02,yi,Dense,0,6.0,5.330237756087352,-0.05140466915184372,1.1256533525446875,23,11,2023-09-28,True,0.6086956521739131,"[-1.8530579323849086, 0.03608586735750318, -1.4245472699711303, 0.0]"
architecture_score_date_moe_reasoning,Yi 6B,2023-11-02,yi,Dense,0,6.0,5.330237756087358,-0.051404669151843274,1.1256533525446861,23,11,2023-09-28,True,0.6086956521739131,"[-1.8530579323849086, 0.03608586735750318, -1.42454726997113, 0.0, 0.0]"
active_then_date_sparsity,Yi 6B,2023-11-02,yi,Dense,0,6.0,5.330237756087352,-0.05140466915184372,1.1256533525446875,23,11,2023-09-28,True,0.6086956521739131,"[-1.8530579323849086, 0.03608586735750318, -1.4245472699711303]"
live_eci_60_40,Yi-34B,2023-11-22,yi,Dense,0,34.0,22.38016631696308,-0.1816156074026083,1.519202293605372,26,12,2023-11-02,True,1.0,[]
lean_score_only,Yi-34B,2023-11-22,yi,Dense,0,34.0,28.571261501615012,-0.07554950091238988,1.1900069584984243,26,12,2023-11-02,True,1.0,[]
architecture_score_date_moe,Yi-34B,2023-11-22,yi,Dense,0,34.0,15.515441919124239,-0.3407147671379358,2.1913652332449396,26,12,2023-11-02,True,1.0,"[-1.0590388812840648, 0.02578025597066905, -0.8647638782609206, 0.0]"
architecture_score_date_moe_reasoning,Yi-34B,2023-11-22,yi,Dense,0,34.0,15.515441919124239,-0.3407147671379358,2.1913652332449396,26,12,2023-11-02,True,1.0,"[-1.0590388812840645, 0.02578025597066905, -0.8647638782609207, 0.0, 0.0]"
active_then_date_sparsity,Yi-34B,2023-11-22,yi,Dense,0,34.0,15.515441919124239,-0.3407147671379358,2.1913652332449396,26,12,2023-11-02,True,1.0,"[-1.0590388812840645, 0.02578025597066905, -0.8647638782609207]"
live_eci_60_40,Mixtral 8x7B,2023-12-11,mixtral,MoE,0,46.7,23.162936234646896,-0.3045232689616224,2.016151990702569,28,13,2023-11-22,True,1.0,[]
lean_score_only,Mixtral 8x7B,2023-12-11,mixtral,MoE,0,46.7,28.85969375879106,-0.20902516224844359,1.6181737890331753,28,13,2023-11-22,True,1.0,[]
architecture_score_date_moe,Mixtral 8x7B,2023-12-11,mixtral,MoE,0,46.7,16.655069585701032,-0.44777042903139064,2.803951058847188,28,13,2023-11-22,True,1.0,"[-1.2112094367687596, 0.027215858677123686, -0.8297557334239122, 0.0]"
architecture_score_date_moe_reasoning,Mixtral 8x7B,2023-12-11,mixtral,MoE,0,46.7,16.655069585701032,-0.44777042903139064,2.803951058847188,28,13,2023-11-22,True,1.0,"[-1.2112094367687596, 0.027215858677123686, -0.8297557334239122, 0.0, 0.0]"
live_eci_60_40,Phi-2,2023-12-12,phi,Dense,0,2.7,16.851627422203162,0.7952780844521266,6.2413434897048745,28,13,2023-12-11,True,0.7241379310344828,[]
lean_score_only,Phi-2,2023-12-12,phi,Dense,0,2.7,19.50450071885094,0.8587710734509746,7.223889155129978,28,13,2023-12-11,True,0.7241379310344828,[]
architecture_score_date_moe,Phi-2,2023-12-12,phi,Dense,0,2.7,10.865296769648692,0.6046778287764929,4.024183988758775,28,13,2023-12-11,True,0.7241379310344828,"[-0.8373269802341756, 0.022809485762916762, -0.6153702306532316, 0.3923750523907446]"
architecture_score_date_moe_reasoning,Phi-2,2023-12-12,phi,Dense,0,2.7,10.865296769648687,0.6046778287764927,4.0241839887587725,28,13,2023-12-11,True,0.7241379310344828,"[-0.8373269802341756, 0.022809485762916762, -0.6153702306532316, 0.3923750523907446, 0.0]"
active_then_date_sparsity,Phi-2,2023-12-12,phi,Dense,0,2.7,9.899476928067056,0.5642484836450695,3.666472936321131,28,13,2023-12-11,True,0.7241379310344828,"[-0.7226620146161609, 0.02183401977625085, -0.6684325209457959]"
live_eci_60_40,StarCoder 2 15B,2024-02-20,starcoder2,Dense,0,15.0,10.426654871466981,-0.1579462606848192,1.438620553275259,30,14,2023-12-12,True,0.6,[]
lean_score_only,StarCoder 2 15B,2024-02-20,starcoder2,Dense,0,15.0,14.844711448251871,-0.004519498864938187,1.0104608669753847,30,14,2023-12-12,True,0.6,[]
architecture_score_date_moe,StarCoder 2 15B,2024-02-20,starcoder2,Dense,0,15.0,4.62357680138552,-0.5111131830450453,3.2442415567759237,30,14,2023-12-12,True,0.6,"[-0.953510556836505, 0.02483192153282542, -0.863331201424071, 0.5032404567606965]"
architecture_score_date_moe_reasoning,StarCoder 2 15B,2024-02-20,starcoder2,Dense,0,15.0,4.62357680138552,-0.5111131830450453,3.2442415567759237,30,14,2023-12-12,True,0.6,"[-0.953510556836505, 0.02483192153282542, -0.863331201424071, 0.5032404567606965, 0.0]"
active_then_date_sparsity,StarCoder 2 15B,2024-02-20,starcoder2,Dense,0,15.0,4.481395615296653,-0.5246779741570848,3.347171570570445,30,14,2023-12-12,True,0.6,"[-0.9148557176240468, 0.0244903457338217, -0.8778209591873619]"
live_eci_60_40,StarCoder 2 7B,2024-02-20,starcoder2,Dense,0,7.0,5.574315800109442,-0.09890647097965621,1.2557594960555638,30,14,2023-12-12,True,0.23333333333333334,[]
lean_score_only,StarCoder 2 7B,2024-02-20,starcoder2,Dense,0,7.0,8.561471997874756,0.08745040055011388,1.2230674282678224,30,14,2023-12-12,True,0.23333333333333334,[]
architecture_score_date_moe,StarCoder 2 7B,2024-02-20,starcoder2,Dense,0,7.0,2.3948209657900317,-0.4658249884331006,2.922974243166757,30,14,2023-12-12,True,0.23333333333333334,"[-0.953510556836505, 0.02483192153282542, -0.863331201424071, 0.5032404567606965]"
architecture_score_date_moe_reasoning,StarCoder 2 7B,2024-02-20,starcoder2,Dense,0,7.0,2.3948209657900317,-0.4658249884331006,2.922974243166757,30,14,2023-12-12,True,0.23333333333333334,"[-0.953510556836505, 0.02483192153282542, -0.863331201424071, 0.5032404567606965, 0.0]"
active_then_date_sparsity,StarCoder 2 7B,2024-02-20,starcoder2,Dense,0,7.0,2.342277137755313,-0.4754597606027934,2.988544731606076,30,14,2023-12-12,True,0.23333333333333334,"[-0.9148557176240468, 0.0244903457338217, -0.8778209591873619]"
live_eci_60_40,Gemma 2B,2024-02-21,gemma,Dense,0,2.0,6.530374462957337,0.5139080895212453,3.265187231478668,32,15,2024-02-20,True,0.25,[]
lean_score_only,Gemma 2B,2024-02-21,gemma,Dense,0,2.0,8.757479234597122,0.6413491205443527,4.37873961729856,32,15,2024-02-20,True,0.25,[]
architecture_score_date_moe,Gemma 2B,2024-02-21,gemma,Dense,0,2.0,3.8131981140469295,0.28025937389037076,1.9065990570234648,32,15,2024-02-20,True,0.25,"[-0.8833211534685584, 0.022949004195904427, -0.6047050242863021, 0.41184716090492507]"
architecture_score_date_moe_reasoning,Gemma 2B,2024-02-21,gemma,Dense,0,2.0,3.8131981140469335,0.2802593738903712,1.9065990570234668,32,15,2024-02-20,True,0.25,"[-0.8833211534685584, 0.02294900419590443, -0.6047050242863021, 0.4118471609049251, 0.0]"
active_then_date_sparsity,Gemma 2B,2024-02-21,gemma,Dense,0,2.0,3.682450056918275,0.2651068697890752,1.8412250284591376,32,15,2024-02-20,True,0.25,"[-0.7734067878508675, 0.021897614600018267, -0.6278962286631571]"
live_eci_60_40,Gemma 7B,2024-02-21,gemma,Dense,0,7.0,16.78616805103574,0.3798535266284423,2.3980240072908203,32,15,2024-02-20,True,0.78125,[]
lean_score_only,Gemma 7B,2024-02-21,gemma,Dense,0,7.0,20.743114543712117,0.4717759255197317,2.9633020776731596,32,15,2024-02-20,True,0.78125,[]
architecture_score_date_moe,Gemma 7B,2024-02-21,gemma,Dense,0,7.0,9.81387966301644,0.14674268838014648,1.4019828090023485,32,15,2024-02-20,True,0.78125,"[-0.8833211534685584, 0.022949004195904427, -0.6047050242863021, 0.41184716090492507]"
architecture_score_date_moe_reasoning,Gemma 7B,2024-02-21,gemma,Dense,0,7.0,9.813879663016449,0.14674268838014692,1.40198280900235,32,15,2024-02-20,True,0.78125,"[-0.8833211534685584, 0.02294900419590443, -0.6047050242863021, 0.4118471609049251, 0.0]"
active_then_date_sparsity,Gemma 7B,2024-02-21,gemma,Dense,0,7.0,9.07567957344781,0.1127811142391848,1.2965256533496872,32,15,2024-02-20,True,0.78125,"[-0.7734067878508675, 0.021897614600018267, -0.6278962286631571]"
live_eci_60_40,StarCoder 2 3B,2024-02-22,starcoder2,Dense,0,3.0,3.850244985767152,0.108367109225678,1.2834149952557175,32,15,2024-02-21,True,0.058823529411764705,[]
lean_score_only,StarCoder 2 3B,2024-02-22,starcoder2,Dense,0,3.0,6.280700836027519,0.32088685274957535,2.093566945342506,32,15,2024-02-21,True,0.058823529411764705,[]
architecture_score_date_moe,StarCoder 2 3B,2024-02-22,starcoder2,Dense,0,3.0,1.7138461144021075,-0.24314943052006438,1.7504488733205665,32,15,2024-02-21,True,0.058823529411764705,"[-0.9796678894049269, 0.02521527686706311, -0.8889099025313391, 0.5082134528911902]"
architecture_score_date_moe_reasoning,StarCoder 2 3B,2024-02-22,starcoder2,Dense,0,3.0,1.7138461144021075,-0.24314943052006438,1.7504488733205665,32,15,2024-02-21,True,0.058823529411764705,"[-0.9796678894049269, 0.025215276867063114, -0.8889099025313391, 0.5082134528911902, 0.0]"
active_then_date_sparsity,StarCoder 2 3B,2024-02-22,starcoder2,Dense,0,3.0,1.7010534019019599,-0.2464033068993921,1.763613062732586,32,15,2024-02-21,True,0.058823529411764705,"[-0.9439101064914748, 0.024873182629960314, -0.8965983806326582]"
live_eci_60_40,Mixtral 8x22B,2024-04-17,mixtral,MoE,0,141.0,18.08851238819951,-0.8918162610062743,7.7950025394009055,34,15,2024-02-22,True,1.0,[]
lean_score_only,Mixtral 8x22B,2024-04-17,mixtral,MoE,0,141.0,25.539267234283777,-0.7420106802085005,5.520910161851561,34,15,2024-02-22,True,1.0,[]
architecture_score_date_moe,Mixtral 8x22B,2024-04-17,mixtral,MoE,0,141.0,10.781879665762087,-1.116524632202935,13.077497094291093,34,15,2024-02-22,True,1.0,"[-0.8949257604226764, 0.02359973608172627, -0.722883823736658, 0.0]"
architecture_score_date_moe_reasoning,Mixtral 8x22B,2024-04-17,mixtral,MoE,0,141.0,10.781879665762077,-1.1165246322029354,13.077497094291108,34,15,2024-02-22,True,1.0,"[-0.8949257604226765, 0.023599736081726268, -0.722883823736658, 0.0, 0.0]"
live_eci_60_40,Llama 3-70B,2024-04-18,llama3,Dense,0,70.0,30.13685864962923,-0.36600005886485665,2.322737111183989,36,16,2024-04-17,True,1.0,[]
lean_score_only,Llama 3-70B,2024-04-18,llama3,Dense,0,70.0,37.134951928706315,-0.2753151739576345,1.885016577761829,36,16,2024-04-17,True,1.0,[]
architecture_score_date_moe,Llama 3-70B,2024-04-18,llama3,Dense,0,70.0,12.273090872478777,-0.7561440901790135,5.703534727097008,36,16,2024-04-17,True,1.0,"[-0.9200720479436942, 0.02360384677770998, -0.6831388630863466, 0.7674710480280488]"
architecture_score_date_moe_reasoning,Llama 3-70B,2024-04-18,llama3,Dense,0,70.0,12.273090872478782,-0.7561440901790133,5.703534727097005,36,16,2024-04-17,True,1.0,"[-0.9200720479436942, 0.02360384677770998, -0.6831388630863466, 0.7674710480280488, 0.0]"
active_then_date_sparsity,Llama 3-70B,2024-04-18,llama3,Dense,0,70.0,14.394063433332965,-0.6869146277621454,4.863115986962927,36,16,2024-04-17,True,1.0,"[-1.0738417614982283, 0.02501150830291554, -0.6441983252148706]"
live_eci_60_40,Llama 3-8B,2024-04-18,llama3,Dense,0,8.0,20.940576010682303,0.4178986366173685,2.6175720013352883,36,16,2024-04-17,True,0.8888888888888888,[]
lean_score_only,Llama 3-8B,2024-04-18,llama3,Dense,0,8.0,26.61301297158017,0.5220040586551702,3.3266266214475215,36,16,2024-04-17,True,0.8888888888888888,[]
architecture_score_date_moe,Llama 3-8B,2024-04-18,llama3,Dense,0,8.0,8.764620476806261,0.03964312814439119,1.0955775596007826,36,16,2024-04-17,True,0.8888888888888888,"[-0.9200720479436942, 0.02360384677770998, -0.6831388630863466, 0.7674710480280488]"
architecture_score_date_moe_reasoning,Llama 3-8B,2024-04-18,llama3,Dense,0,8.0,8.764620476806265,0.039643128144391415,1.0955775596007833,36,16,2024-04-17,True,0.8888888888888888,"[-0.9200720479436942, 0.02360384677770998, -0.6831388630863466, 0.7674710480280488, 0.0]"
active_then_date_sparsity,Llama 3-8B,2024-04-18,llama3,Dense,0,8.0,10.07493869902791,0.10015242536414082,1.2593673373784888,36,16,2024-04-17,True,0.8888888888888888,"[-1.0738417614982283, 0.02501150830291554, -0.6441983252148706]"
live_eci_60_40,phi-3-medium 14B,2024-04-23,phi,Dense,0,14.0,33.42633686834992,0.3779607499771591,2.387595490596423,36,16,2024-04-18,True,0.9473684210526315,[]
lean_score_only,phi-3-medium 14B,2024-04-23,phi,Dense,0,14.0,38.0257376357139,0.4339496117151227,2.7161241168367076,36,16,2024-04-18,True,0.9473684210526315,[]
architecture_score_date_moe,phi-3-medium 14B,2024-04-23,phi,Dense,0,14.0,21.246805875502794,0.18116561424175748,1.5176289911073428,36,16,2024-04-18,True,0.9473684210526315,"[-1.2970824487551307, 0.026746220602398913, -0.4685853527885044, 0.528729147213044]"
architecture_score_date_moe_reasoning,phi-3-medium 14B,2024-04-23,phi,Dense,0,14.0,21.246805875502794,0.18116561424175748,1.5176289911073428,36,16,2024-04-18,True,0.9473684210526315,"[-1.2970824487551307, 0.026746220602398913, -0.4685853527885044, 0.528729147213044, 0.0]"
active_then_date_sparsity,phi-3-medium 14B,2024-04-23,phi,Dense,0,14.0,20.93949813363502,0.1748382328582394,1.4956784381167874,36,16,2024-04-18,True,0.9473684210526315,"[-1.2818457696812968, 0.02659994075212733, -0.4715325628687763]"
live_eci_60_40,phi-3-mini 3.8B,2024-04-23,phi,Dense,0,3.8,26.465568508910003,0.8428976309238023,6.964623291818422,36,16,2024-04-18,True,0.8947368421052632,[]
lean_score_only,phi-3-mini 3.8B,2024-04-23,phi,Dense,0,3.8,30.770110051431335,0.9083454529177424,8.097397381955615,36,16,2024-04-18,True,0.8947368421052632,[]
architecture_score_date_moe,phi-3-mini 3.8B,2024-04-23,phi,Dense,0,3.8,16.67003216182754,0.6421528411050617,4.386850568901984,36,16,2024-04-18,True,0.8947368421052632,"[-1.2970824487551307, 0.026746220602398913, -0.4685853527885044, 0.528729147213044]"
architecture_score_date_moe_reasoning,phi-3-mini 3.8B,2024-04-23,phi,Dense,0,3.8,16.67003216182754,0.6421528411050617,4.386850568901984,36,16,2024-04-18,True,0.8947368421052632,"[-1.2970824487551307, 0.026746220602398913, -0.4685853527885044, 0.528729147213044, 0.0]"
active_then_date_sparsity,phi-3-mini 3.8B,2024-04-23,phi,Dense,0,3.8,16.450733758365544,0.6364016771039722,4.329140462727775,36,16,2024-04-18,True,0.8947368421052632,"[-1.2818457696812968, 0.02659994075212733, -0.4715325628687763]"
live_eci_60_40,phi-3-small 7.4B,2024-04-23,phi,Dense,0,7.4,34.567461202741846,0.6694357643492252,4.67127854091106,36,16,2024-04-18,True,0.9736842105263158,[]
lean_score_only,phi-3-small 7.4B,2024-04-23,phi,Dense,0,7.4,39.20094109612193,0.7240647735126104,5.297424472448909,36,16,2024-04-18,True,0.9736842105263158,[]
architecture_score_date_moe,phi-3-small 7.4B,2024-04-23,phi,Dense,0,7.4,22.00088566927481,0.4732084444338056,2.973092658010109,36,16,2024-04-18,True,0.9736842105263158,"[-1.2970824487551307, 0.026746220602398913, -0.4685853527885044, 0.528729147213044]"
architecture_score_date_moe_reasoning,phi-3-small 7.4B,2024-04-23,phi,Dense,0,7.4,22.00088566927481,0.4732084444338056,2.973092658010109,36,16,2024-04-18,True,0.9736842105263158,"[-1.2970824487551307, 0.026746220602398913, -0.4685853527885044, 0.528729147213044, 0.0]"
active_then_date_sparsity,phi-3-small 7.4B,2024-04-23,phi,Dense,0,7.4,21.678535691232046,0.46679822406272375,2.929531850166492,36,16,2024-04-18,True,0.9736842105263158,"[-1.2818457696812968, 0.02659994075212733, -0.4715325628687763]"
live_eci_60_40,"DeepSeek-V2 (MoE-236B, May 2024)",2024-05-07,deepseek_v2,MoE,0,236.0,32.2286495520189,-0.8646698949257754,7.322677284975359,41,17,2024-04-23,True,1.0,[]
lean_score_only,"DeepSeek-V2 (MoE-236B, May 2024)",2024-05-07,deepseek_v2,MoE,0,236.0,36.62032941508797,-0.8091897563274355,6.44450783948343,41,17,2024-04-23,True,1.0,[]
architecture_score_date_moe,"DeepSeek-V2 (MoE-236B, May 2024)",2024-05-07,deepseek_v2,MoE,0,236.0,81.54422038353582,-0.4615188180289871,2.8941352175542985,41,17,2024-04-23,True,1.0,"[-1.2350182799636025, 0.02636964614541112, -0.5507249730520845, 0.6034878035471488]"
architecture_score_date_moe_reasoning,"DeepSeek-V2 (MoE-236B, May 2024)",2024-05-07,deepseek_v2,MoE,0,236.0,81.54422038353582,-0.4615188180289871,2.8941352175542985,41,17,2024-04-23,True,1.0,"[-1.2350182799636025, 0.02636964614541112, -0.5507249730520845, 0.6034878035471488, 0.0]"
live_eci_60_40,Falcon 2 11B,2024-05-09,falcon2,Dense,0,11.0,19.857523964680666,0.25653241018367656,1.8052294513346057,42,18,2024-05-07,True,0.6190476190476191,[]
lean_score_only,Falcon 2 11B,2024-05-09,falcon2,Dense,0,11.0,22.8170443963008,0.316866702272379,2.0742767633000723,42,18,2024-05-07,True,0.6190476190476191,[]
architecture_score_date_moe,Falcon 2 11B,2024-05-09,falcon2,Dense,0,11.0,8.314176970908456,-0.1215734207408532,1.323041359173532,42,18,2024-05-07,True,0.6190476190476191,"[-1.2676856321770236, 0.02649946913779976, -0.5233288355861927, 0.8930711350816084]"
architecture_score_date_moe_reasoning,Falcon 2 11B,2024-05-09,falcon2,Dense,0,11.0,8.314176970908452,-0.12157342074085342,1.3230413591735328,42,18,2024-05-07,True,0.6190476190476191,"[-1.2676856321770238, 0.02649946913779976, -0.5233288355861927, 0.8930711350816084, 0.0]"
active_then_date_sparsity,Falcon 2 11B,2024-05-09,falcon2,Dense,0,11.0,8.096934781722897,-0.13307204397417094,1.358538792337831,42,18,2024-05-07,True,0.6190476190476191,"[-1.259249716108457, 0.02660297785152095, -0.5464296417403853]"
live_eci_60_40,Qwen2-72B,2024-06-07,qwen2,Dense,0,72.0,59.76617331663307,-0.08087704653155159,1.2046948299425795,43,19,2024-05-09,True,1.0,[]
lean_score_only,Qwen2-72B,2024-06-07,qwen2,Dense,0,72.0,64.28219494244736,-0.04924179891995206,1.120061318137355,43,19,2024-05-09,True,1.0,[]
architecture_score_date_moe,Qwen2-72B,2024-06-07,qwen2,Dense,0,72.0,21.421816630653574,-0.5264761989730204,3.361059486288923,43,19,2024-05-09,True,1.0,"[-1.2623310973604676, 0.02629615596846502, -0.4933294526344094, 0.874601448031944]"
architecture_score_date_moe_reasoning,Qwen2-72B,2024-06-07,qwen2,Dense,0,72.0,21.421816630653552,-0.5264761989730209,3.3610594862889265,43,19,2024-05-09,True,1.0,"[-1.2623310973604678, 0.02629615596846502, -0.4933294526344094, 0.874601448031944, 0.0]"
active_then_date_sparsity,Qwen2-72B,2024-06-07,qwen2,Dense,0,72.0,20.518965976556768,-0.545177025078746,3.5089487492820597,43,19,2024-05-09,True,1.0,"[-1.2312881206694302, 0.02616908770680008, -0.5169342099307407]"
live_eci_60_40,Gemma 2 27B,2024-06-24,gemma2,Dense,0,27.0,49.448704521450054,0.26279115408855924,1.8314335007944462,44,20,2024-06-07,True,0.9318181818181818,[]
lean_score_only,Gemma 2 27B,2024-06-24,gemma2,Dense,0,27.0,53.87540489936596,0.30002678295225227,1.9953853666431836,44,20,2024-06-07,True,0.9318181818181818,[]
architecture_score_date_moe,Gemma 2 27B,2024-06-24,gemma2,Dense,0,27.0,26.055314352521407,-0.015467446942453389,1.0362569276538849,44,20,2024-06-07,True,0.9318181818181818,"[-1.6911768660003281, 0.030114767920389307, -0.39265773540479526, 0.7061044902163666]"
architecture_score_date_moe_reasoning,Gemma 2 27B,2024-06-24,gemma2,Dense,0,27.0,26.055314352521407,-0.015467446942453389,1.0362569276538849,44,20,2024-06-07,True,0.9318181818181818,"[-1.6911768660003281, 0.030114767920389307, -0.39265773540479526, 0.7061044902163666, 0.0]"
active_then_date_sparsity,Gemma 2 27B,2024-06-24,gemma2,Dense,0,27.0,22.293954610781146,-0.08317665156456888,1.2110906508683326,44,20,2024-06-07,True,0.9318181818181818,"[-1.5278288782689693, 0.028662564976108282, -0.4286639366561976]"
live_eci_60_40,Gemma 2 9B,2024-06-24,gemma2,Dense,0,9.0,39.971090480499754,0.6475034872872157,4.4412322756110845,44,20,2024-06-07,True,0.8636363636363636,[]
lean_score_only,Gemma 2 9B,2024-06-24,gemma2,Dense,0,9.0,44.3563414323709,0.6927132083520838,4.928482381374544,44,20,2024-06-07,True,0.8636363636363636,[]
architecture_score_date_moe,Gemma 2 9B,2024-06-24,gemma2,Dense,0,9.0,21.313379322289546,0.37440980487685527,2.3681532580321716,44,20,2024-06-07,True,0.8636363636363636,"[-1.6911768660003281, 0.030114767920389307, -0.39265773540479526, 0.7061044902163666]"
architecture_score_date_moe_reasoning,Gemma 2 9B,2024-06-24,gemma2,Dense,0,9.0,21.313379322289546,0.37440980487685527,2.3681532580321716,44,20,2024-06-07,True,0.8636363636363636,"[-1.6911768660003281, 0.030114767920389307, -0.39265773540479526, 0.7061044902163666, 0.0]"
active_then_date_sparsity,Gemma 2 9B,2024-06-24,gemma2,Dense,0,9.0,18.414088027176334,0.3109077054935282,2.04600978079737,44,20,2024-06-07,True,0.8636363636363636,"[-1.5278288782689693, 0.028662564976108282, -0.4286639366561976]"
live_eci_60_40,Mistral NeMo,2024-07-18,mistral_nemo,Dense,0,12.0,31.98038787068843,0.42570248068836203,2.6650323225573684,46,21,2024-06-24,True,0.8260869565217391,[]
lean_score_only,Mistral NeMo,2024-07-18,mistral_nemo,Dense,0,12.0,36.97689434889902,0.48874918636300735,3.0814078624082515,46,21,2024-06-24,True,0.8260869565217391,[]
architecture_score_date_moe,Mistral NeMo,2024-07-18,mistral_nemo,Dense,0,12.0,17.44477271695057,0.16248406947240546,1.4537310597458808,46,21,2024-06-24,True,0.8260869565217391,"[-1.6764785613818332, 0.03010041533269249, -0.41734951800701076, 0.7245381875389751]"
architecture_score_date_moe_reasoning,Mistral NeMo,2024-07-18,mistral_nemo,Dense,0,12.0,17.44477271695057,0.16248406947240546,1.4537310597458808,46,21,2024-06-24,True,0.8260869565217391,"[-1.6764785613818332, 0.03010041533269249, -0.4173495180070107, 0.7245381875389751, 0.0]"
active_then_date_sparsity,Mistral NeMo,2024-07-18,mistral_nemo,Dense,0,12.0,15.61293000155776,0.11430316656640582,1.3010775001298132,46,21,2024-06-24,True,0.8260869565217391,"[-1.5360790175497891, 0.028814868205097585, -0.4409398852010172]"
live_eci_60_40,Llama 3.1-405B,2024-07-23,llama31,Dense,0,405.0,62.25725509115499,-0.813265054395381,6.505265922935611,47,22,2024-07-18,True,1.0,[]
lean_score_only,Llama 3.1-405B,2024-07-23,llama31,Dense,0,405.0,66.14884383861383,-0.786932765301855,6.122555988855921,47,22,2024-07-18,True,1.0,[]
architecture_score_date_moe,Llama 3.1-405B,2024-07-23,llama31,Dense,0,405.0,34.25877293108625,-1.0726832197165788,11.82178943812973,47,22,2024-07-18,True,1.0,"[-1.6756233293883993, 0.03023713216354285, -0.44283196660687657, 0.7392471938505012]"
architecture_score_date_moe_reasoning,Llama 3.1-405B,2024-07-23,llama31,Dense,0,405.0,34.25877293108614,-1.07268321971658,11.821789438129768,47,22,2024-07-18,True,1.0,"[-1.6756233293883995, 0.030237132163542842, -0.44283196660687657, 0.7392471938505012, 0.0]"
active_then_date_sparsity,Llama 3.1-405B,2024-07-23,llama31,Dense,0,405.0,30.336596501741152,-1.1254881680370592,13.350212176133715,47,22,2024-07-18,True,1.0,"[-1.5440065900069442, 0.029000926751077946, -0.45885731319207435]"
live_eci_60_40,Llama 3.1-70B,2024-07-23,llama31,Dense,0,70.0,48.760080856475945,-0.15703362289785083,1.4356005726496484,47,22,2024-07-18,True,1.0,[]
lean_score_only,Llama 3.1-70B,2024-07-23,llama31,Dense,0,70.0,53.52311805154866,-0.11655663418690354,1.307846077513315,47,22,2024-07-18,True,1.0,[]
architecture_score_date_moe,Llama 3.1-70B,2024-07-23,llama31,Dense,0,70.0,26.8989676054684,-0.41536242811044755,2.6023303580532002,47,22,2024-07-18,True,1.0,"[-1.6756233293883993, 0.03023713216354285, -0.44283196660687657, 0.7392471938505012]"
architecture_score_date_moe_reasoning,Llama 3.1-70B,2024-07-23,llama31,Dense,0,70.0,26.898967605468318,-0.4153624281104489,2.6023303580532082,47,22,2024-07-18,True,1.0,"[-1.6756233293883995, 0.030237132163542842, -0.44283196660687657, 0.7392471938505012, 0.0]"
active_then_date_sparsity,Llama 3.1-70B,2024-07-23,llama31,Dense,0,70.0,24.05608392586606,-0.46387310977060947,2.909866801916717,47,22,2024-07-18,True,1.0,"[-1.5440065900069442, 0.029000926751077946, -0.45885731319207435]"
live_eci_60_40,Llama 3.1-8B,2024-07-23,llama31,Dense,0,8.0,23.96236254487774,0.47643964766111035,2.995295318109718,47,22,2024-07-18,True,0.7021276595744681,[]
lean_score_only,Llama 3.1-8B,2024-07-23,llama31,Dense,0,8.0,28.91538444840399,0.5580389839070674,3.6144230560504993,47,22,2024-07-18,True,0.7021276595744681,[]
architecture_score_date_moe,Llama 3.1-8B,2024-07-23,llama31,Dense,0,8.0,13.315819044554415,0.22127789768392447,1.664477380569302,47,22,2024-07-18,True,0.7021276595744681,"[-1.6756233293883993, 0.03023713216354285, -0.44283196660687657, 0.7392471938505012]"
architecture_score_date_moe_reasoning,Llama 3.1-8B,2024-07-23,llama31,Dense,0,8.0,13.315819044554374,0.22127789768392314,1.664477380569297,47,22,2024-07-18,True,0.7021276595744681,"[-1.6756233293883995, 0.030237132163542842, -0.44283196660687657, 0.7392471938505012, 0.0]"
active_then_date_sparsity,Llama 3.1-8B,2024-07-23,llama31,Dense,0,8.0,12.255802710971691,0.18525177425334394,1.5319753388714614,47,22,2024-07-18,True,0.7021276595744681,"[-1.5440065900069442, 0.029000926751077946, -0.45885731319207435]"
live_eci_60_40,Mistral Large 2 (Jul 2024),2024-07-24,mistral_large2,Dense,0,123.0,63.884172543218554,-0.2845118374526694,1.9253595233903793,50,23,2024-07-23,True,0.98,[]
lean_score_only,Mistral Large 2 (Jul 2024),2024-07-24,mistral_large2,Dense,0,123.0,67.82899906789218,-0.2584897030799418,1.8133836808779304,50,23,2024-07-23,True,0.98,[]
architecture_score_date_moe,Mistral Large 2 (Jul 2024),2024-07-24,mistral_large2,Dense,0,123.0,40.97119722294076,-0.4774264567437614,3.0021090018606866,50,23,2024-07-23,True,0.98,"[-2.0082331176816752, 0.03334673918940806, -0.4047509072999405, 0.6411908576805383]"
architecture_score_date_moe_reasoning,Mistral Large 2 (Jul 2024),2024-07-24,mistral_large2,Dense,0,123.0,40.97119722294072,-0.47742645674376183,3.0021090018606897,50,23,2024-07-23,True,0.98,"[-2.0082331176816757, 0.03334673918940806, -0.4047509072999405, 0.6411908576805383, 0.0]"
active_then_date_sparsity,Mistral Large 2 (Jul 2024),2024-07-24,mistral_large2,Dense,0,123.0,35.15942421872951,-0.54386335711605,3.498350804461628,50,23,2024-07-23,True,0.98,"[-1.8151947176475147, 0.03139300788341509, -0.41137453829184806]"
live_eci_60_40,Qwen2.5-Coder (1.5B),2024-09-18,qwen25_coder,Dense,0,1.5,9.786087545359905,0.8145178375405925,6.52405836357327,51,24,2024-07-24,True,0.35294117647058826,[]
lean_score_only,Qwen2.5-Coder (1.5B),2024-09-18,qwen25_coder,Dense,0,1.5,13.553415805155606,0.9559575031937951,9.035610536770404,51,24,2024-07-24,True,0.35294117647058826,[]
architecture_score_date_moe,Qwen2.5-Coder (1.5B),2024-09-18,qwen25_coder,Dense,0,1.5,5.971517151787397,0.5999934249952884,3.9810114345249317,51,24,2024-07-24,True,0.35294117647058826,"[-2.237185113568124, 0.03538797510843009, -0.3615491865999285, 0.5643152091199466]"
architecture_score_date_moe_reasoning,Qwen2.5-Coder (1.5B),2024-09-18,qwen25_coder,Dense,0,1.5,5.971517151787397,0.5999934249952884,3.9810114345249317,51,24,2024-07-24,True,0.35294117647058826,"[-2.237185113568124, 0.03538797510843009, -0.3615491865999285, 0.5643152091199466, 0.0]"
active_then_date_sparsity,Qwen2.5-Coder (1.5B),2024-09-18,qwen25_coder,Dense,0,1.5,5.813505212999881,0.5883468071802483,3.8756701419999207,51,24,2024-07-24,True,0.35294117647058826,"[-2.017875986161179, 0.033066023298218485, -0.3572223968600086]"
live_eci_60_40,Qwen2.5-Coder (7B),2024-09-18,qwen25_coder,Dense,0,7.0,21.62741047354829,0.4899064829212182,3.0896300676497557,51,24,2024-07-24,True,0.6274509803921569,[]
lean_score_only,Qwen2.5-Coder (7B),2024-09-18,qwen25_coder,Dense,0,7.0,27.32337759828766,0.5914363439275391,3.903339656898237,51,24,2024-07-24,True,0.6274509803921569,[]
architecture_score_date_moe,Qwen2.5-Coder (7B),2024-09-18,qwen25_coder,Dense,0,7.0,13.722293279164967,0.2923286570167921,1.9603276113092811,51,24,2024-07-24,True,0.6274509803921569,"[-2.237185113568124, 0.03538797510843009, -0.3615491865999285, 0.5643152091199466]"
architecture_score_date_moe_reasoning,Qwen2.5-Coder (7B),2024-09-18,qwen25_coder,Dense,0,7.0,13.722293279164967,0.2923286570167921,1.9603276113092811,51,24,2024-07-24,True,0.6274509803921569,"[-2.237185113568124, 0.03538797510843009, -0.3615491865999285, 0.5643152091199466, 0.0]"
active_then_date_sparsity,Qwen2.5-Coder (7B),2024-09-18,qwen25_coder,Dense,0,7.0,12.649429274530252,0.2569728911486683,1.8070613249328933,51,24,2024-07-24,True,0.6274509803921569,"[-2.017875986161179, 0.033066023298218485, -0.3572223968600086]"
live_eci_60_40,Qwen2.5-Coder-32B,2024-09-18,qwen25_coder,Dense,0,32.0,35.47189062521404,0.044734358339680425,1.1084965820379384,51,24,2024-07-24,True,0.7843137254901961,[]
lean_score_only,Qwen2.5-Coder-32B,2024-09-18,qwen25_coder,Dense,0,32.0,42.31683100121692,0.12136315872668568,1.3224009687880285,51,24,2024-07-24,True,0.7843137254901961,[]
architecture_score_date_moe,Qwen2.5-Coder-32B,2024-09-18,qwen25_coder,Dense,0,32.0,23.061101771794842,-0.14226992592582532,1.3876180035395356,51,24,2024-07-24,True,0.7843137254901961,"[-2.237185113568124, 0.03538797510843009, -0.3615491865999285, 0.5643152091199466]"
architecture_score_date_moe_reasoning,Qwen2.5-Coder-32B,2024-09-18,qwen25_coder,Dense,0,32.0,23.061101771794842,-0.14226992592582532,1.3876180035395356,51,24,2024-07-24,True,0.7843137254901961,"[-2.237185113568124, 0.03538797510843009, -0.3615491865999285, 0.5643152091199466, 0.0]"
active_then_date_sparsity,Qwen2.5-Coder-32B,2024-09-18,qwen25_coder,Dense,0,32.0,20.54619269424329,-0.19241862145436261,1.5574661678786788,51,24,2024-07-24,True,0.7843137254901961,"[-2.017875986161179, 0.033066023298218485, -0.3572223968600086]"
live_eci_60_40,Qwen2.5-72B,2024-09-19,qwen25,Dense,0,72.0,73.42757102541398,0.008526665608671768,1.0198273753529719,54,25,2024-09-18,True,1.0,[]
lean_score_only,Qwen2.5-72B,2024-09-19,qwen25,Dense,0,72.0,80.89988777497584,0.05061542272435937,1.1236095524302196,54,25,2024-09-18,True,1.0,[]
architecture_score_date_moe,Qwen2.5-72B,2024-09-19,qwen25,Dense,0,72.0,49.301992829770214,-0.16446802223556567,1.460387214946897,54,25,2024-09-18,True,1.0,"[-2.3983716486876596, 0.037426374754506574, -0.43176682740762895, 0.5641065196838041]"
architecture_score_date_moe_reasoning,Qwen2.5-72B,2024-09-19,qwen25,Dense,0,72.0,49.30199282977031,-0.16446802223556478,1.4603872149468942,54,25,2024-09-18,True,1.0,"[-2.3983716486876596, 0.03742637475450658, -0.43176682740762895, 0.5641065196838041, 0.0]"
active_then_date_sparsity,Qwen2.5-72B,2024-09-19,qwen25,Dense,0,72.0,41.93748763341423,-0.23473008698355446,1.7168410427770378,54,25,2024-09-18,True,1.0,"[-2.169930574102968, 0.03497438492381549, -0.4213434885791745]"
live_eci_60_40,Llama 3.2 90B,2024-09-24,llama32,Dense,0,90.0,55.447829326696244,-0.21035796039490795,1.6231473998688726,55,26,2024-09-19,True,0.9454545454545454,[]
lean_score_only,Llama 3.2 90B,2024-09-24,llama32,Dense,0,90.0,62.82180553532699,-0.1561320953207892,1.4326235808264018,55,26,2024-09-19,True,0.9454545454545454,[]
architecture_score_date_moe,Llama 3.2 90B,2024-09-24,llama32,Dense,0,90.0,38.85059439793654,-0.3648448417266097,2.316566873550335,55,26,2024-09-19,True,0.9454545454545454,"[-2.4590486757958425, 0.03790386878154124, -0.41373463469650323, 0.5431738837203225]"
architecture_score_date_moe_reasoning,Llama 3.2 90B,2024-09-24,llama32,Dense,0,90.0,38.85059439793646,-0.3648448417266106,2.31656687355034,55,26,2024-09-19,True,0.9454545454545454,"[-2.4590486757958425, 0.037903868781541235, -0.41373463469650323, 0.5431738837203224, 0.0]"
active_then_date_sparsity,Llama 3.2 90B,2024-09-24,llama32,Dense,0,90.0,34.41088327946202,-0.4175466889406556,2.615451607826531,55,26,2024-09-19,True,0.9454545454545454,"[-2.2379028285126417, 0.035437665393623474, -0.3928468289865204]"
live_eci_60_40,Mistral Large 2 (Nov 2024),2024-11-18,mistral_large2,Dense,0,123.0,66.25178071237703,-0.2687075557261598,1.856553871872329,55,26,2024-09-24,True,0.9642857142857143,[]
lean_score_only,Mistral Large 2 (Nov 2024),2024-11-18,mistral_large2,Dense,0,123.0,75.49050303403205,-0.21201279211935864,1.6293440241688433,55,26,2024-09-24,True,0.9642857142857143,[]
architecture_score_date_moe,Mistral Large 2 (Nov 2024),2024-11-18,mistral_large2,Dense,0,123.0,45.40221247868081,-0.43282809462039573,2.7091190777928773,55,26,2024-09-24,True,0.9642857142857143,"[-2.3394717693860723, 0.03634266701723983, -0.3639707688763911, 0.5523100866959934]"
architecture_score_date_moe_reasoning,Mistral Large 2 (Nov 2024),2024-11-18,mistral_large2,Dense,0,123.0,45.40221247868086,-0.4328280946203953,2.7091190777928746,55,26,2024-09-24,True,0.9642857142857143,"[-2.3394717693860723, 0.03634266701723983, -0.36397076887639096, 0.5523100866959934, 0.0]"
active_then_date_sparsity,Mistral Large 2 (Nov 2024),2024-11-18,mistral_large2,Dense,0,123.0,39.9740985779126,-0.48812643231824615,3.0769924620129596,55,26,2024-09-24,True,0.9642857142857143,"[-2.10459939192967, 0.03370029436723776, -0.3372910669518034]"
live_eci_60_40,Llama 3.3 70B,2024-12-06,llama33,Dense,0,70.0,63.90021295470234,-0.03959573451785969,1.0954580080917993,57,27,2024-11-18,True,0.9298245614035088,[]
lean_score_only,Llama 3.3 70B,2024-12-06,llama33,Dense,0,70.0,73.64473184860839,0.022043645164251835,1.0520675978372624,57,27,2024-11-18,True,0.9298245614035088,[]
architecture_score_date_moe,Llama 3.3 70B,2024-12-06,llama33,Dense,0,70.0,45.777184281025924,-0.18444896396976018,1.5291460385652016,57,27,2024-11-18,True,0.9298245614035088,"[-2.453550766964691, 0.0372237837629787, -0.32693771986427633, 0.5110208066638039]"
architecture_score_date_moe_reasoning,Llama 3.3 70B,2024-12-06,llama33,Dense,0,70.0,45.777184281025924,-0.18444896396976018,1.5291460385652016,57,27,2024-11-18,True,0.9298245614035088,"[-2.453550766964691, 0.0372237837629787, -0.32693771986427633, 0.5110208066638039, 0.0]"
active_then_date_sparsity,Llama 3.3 70B,2024-12-06,llama33,Dense,0,70.0,41.22762368012892,-0.22990973680031201,1.6978907283889597,57,27,2024-11-18,True,0.9298245614035088,"[-2.2061349826285537, 0.03436191778312903, -0.2896608723228848]"
live_eci_60_40,Phi-4,2024-12-12,phi,Dense,0,14.0,90.96089461010612,0.8127266873550238,6.497206757864724,53,27,2024-12-06,True,1.0,[]
lean_score_only,Phi-4,2024-12-12,phi,Dense,0,14.0,99.44047676852233,0.8514351621902863,7.102891197751596,53,27,2024-12-06,True,1.0,[]
architecture_score_date_moe,Phi-4,2024-12-12,phi,Dense,0,14.0,70.28849662270581,0.7007562187573877,5.020606901621844,53,27,2024-12-06,True,1.0,"[-2.451420484966466, 0.03726971591628723, -0.3013285771851431, 0.47071080896499984]"
architecture_score_date_moe_reasoning,Phi-4,2024-12-12,phi,Dense,0,14.0,70.28849662270581,0.7007562187573877,5.020606901621844,53,27,2024-12-06,True,1.0,"[-2.451420484966466, 0.03726971591628723, -0.3013285771851431, 0.47071080896499984, 0.0]"
active_then_date_sparsity,Phi-4,2024-12-12,phi,Dense,0,14.0,62.14553286913779,0.6472818805655745,4.4389666335098426,53,27,2024-12-06,True,1.0,"[-2.1705912018402427, 0.0339357827906984, -0.2485861748600049]"
live_eci_60_40,DeepSeek-V3,2024-12-26,deepseek_v3,MoE,0,671.0,95.3342916308344,-0.8474733762222864,7.038390788052758,59,28,2024-12-12,True,1.0,[]
lean_score_only,DeepSeek-V3,2024-12-26,deepseek_v3,MoE,0,671.0,103.76113198411227,-0.810687819122923,6.46677601881543,59,28,2024-12-12,True,1.0,[]
architecture_score_date_moe,DeepSeek-V3,2024-12-26,deepseek_v3,MoE,0,671.0,233.68281435493412,-0.45809574575391876,2.8714135519646615,59,28,2024-12-12,True,1.0,"[-2.4281721791531243, 0.03688987840031486, -0.3089589679449421, 0.503852392595766]"
architecture_score_date_moe_reasoning,DeepSeek-V3,2024-12-26,deepseek_v3,MoE,0,671.0,233.68281435493435,-0.4580957457539183,2.871413551964659,59,28,2024-12-12,True,1.0,"[-2.4281721791531243, 0.03688987840031486, -0.30895896794494204, 0.5038523925957661, 0.0]"
live_eci_60_40,DeepSeek-R1,2025-01-20,deepseek_v3,MoE,1,671.0,157.4262755258648,-0.6296452993662403,4.262312614324387,59,28,2024-12-12,True,1.0,[]
lean_score_only,DeepSeek-R1,2025-01-20,deepseek_v3,MoE,1,671.0,163.8199568799876,-0.6123557128855723,4.095960057489003,59,28,2024-12-12,True,1.0,[]
architecture_score_date_moe,DeepSeek-R1,2025-01-20,deepseek_v3,MoE,1,671.0,392.74184887268336,-0.23261533989135375,1.7085014034690267,59,28,2024-12-12,True,1.0,"[-2.4281721791531243, 0.03688987840031486, -0.3089589679449421, 0.503852392595766]"
architecture_score_date_moe_reasoning,DeepSeek-R1,2025-01-20,deepseek_v3,MoE,1,671.0,392.74184887268376,-0.2326153398913533,1.7085014034690251,59,28,2024-12-12,True,1.0,"[-2.4281721791531243, 0.03688987840031486, -0.30895896794494204, 0.5038523925957661, 0.0]"
live_eci_60_40,Gemma 3 27B,2025-03-12,gemma3,Dense,0,27.0,97.88687387689484,0.5593606949063881,3.6254397732183268,61,29,2025-01-20,True,0.9508196721311475,[]
lean_score_only,Gemma 3 27B,2025-03-12,gemma3,Dense,0,27.0,112.65113914868651,0.620371823587389,4.1722644129143145,61,29,2025-01-20,True,0.9508196721311475,[]
architecture_score_date_moe,Gemma 3 27B,2025-03-12,gemma3,Dense,0,27.0,57.51155379583217,0.32839133697795164,2.130057547993784,61,29,2025-01-20,True,0.9508196721311475,"[-2.404235776178469, 0.036244292486989196, -0.2672346554722822, 0.6353835699679128]"
architecture_score_date_moe_reasoning,Gemma 3 27B,2025-03-12,gemma3,Dense,0,27.0,56.9037106564573,0.32377682323923773,2.107544839128048,61,29,2025-01-20,True,0.9508196721311475,"[-2.395047589283264, 0.0362022360828627, -0.27101526456371794, 0.6165375847474491, 0.104943432983799]"
active_then_date_sparsity,Gemma 3 27B,2025-03-12,gemma3,Dense,0,27.0,43.09002254715174,0.2030129571770254,1.5959267610056198,61,29,2025-01-20,True,0.9508196721311475,"[-2.0373680368933935, 0.032783628758839875, -0.2848836057714372]"
live_eci_60_40,Mistral Small 3.1,2025-03-17,mistral_small,Dense,0,24.0,62.31062071039697,0.41435083581113163,2.5962758629332074,62,30,2025-03-12,True,0.8870967741935484,[]
lean_score_only,Mistral Small 3.1,2025-03-17,mistral_small,Dense,0,24.0,76.90253157549662,0.505729394984129,3.204272148979027,62,30,2025-03-12,True,0.8870967741935484,[]
architecture_score_date_moe,Mistral Small 3.1,2025-03-17,mistral_small,Dense,0,24.0,36.67654201064169,0.18417714045291778,1.5281892504434043,62,30,2025-03-12,True,0.8870967741935484,"[-2.427664437062067, 0.03698507324472537, -0.33197722654577916, 0.665409503275835]"
architecture_score_date_moe_reasoning,Mistral Small 3.1,2025-03-17,mistral_small,Dense,0,24.0,36.29945716731953,0.17968888880658795,1.5124773819716475,62,30,2025-03-12,True,0.8870967741935484,"[-2.415528831973014, 0.03691817435047106, -0.3356378423959352, 0.6408410696029436, 0.13381297333859468]"
active_then_date_sparsity,Mistral Small 3.1,2025-03-17,mistral_small,Dense,0,24.0,30.21268490707758,0.09997807967274697,1.258861871128233,62,30,2025-03-12,True,0.8870967741935484,"[-2.0698379649181553, 0.03344205299870201, -0.32718509037569854]"
live_eci_60_40,DeepSeek-V3 (Mar 2025),2025-03-24,deepseek_v3,MoE,0,671.0,92.97976901456512,-0.8583340572187228,7.216623649547774,61,30,2025-03-17,True,0.9841269841269841,[]
lean_score_only,DeepSeek-V3 (Mar 2025),2025-03-24,deepseek_v3,MoE,0,671.0,103.03399986386897,-0.8137419603501246,6.512413386712557,61,30,2025-03-17,True,0.9841269841269841,[]
architecture_score_date_moe,DeepSeek-V3 (Mar 2025),2025-03-24,deepseek_v3,MoE,0,671.0,235.25111097829273,-0.455190837100079,2.8522713334259873,61,30,2025-03-17,True,0.9841269841269841,"[-2.488377271180496, 0.038237651379048256, -0.4043183197134804, 0.5195057249401589]"
architecture_score_date_moe_reasoning,DeepSeek-V3 (Mar 2025),2025-03-24,deepseek_v3,MoE,0,671.0,235.25111097829299,-0.45519083710007857,2.8522713334259846,61,30,2025-03-17,True,0.9841269841269841,"[-2.4883772711804957, 0.038237651379048256, -0.4043183197134804, 0.5195057249401589, 0.0]"
live_eci_60_40,Llama 4 Maverick,2025-04-05,llama4,MoE,0,400.0,86.36841512404584,-0.6657050410389664,4.631322682319732,64,31,2025-03-24,True,0.96875,[]
lean_score_only,Llama 4 Maverick,2025-04-05,llama4,MoE,0,400.0,101.24882357645589,-0.5966700055372738,3.9506631866981508,64,31,2025-03-24,True,0.96875,[]
architecture_score_date_moe,Llama 4 Maverick,2025-04-05,llama4,MoE,0,400.0,248.6731681640405,-0.2064310639066349,1.6085370325765702,64,31,2025-03-24,True,0.96875,"[-2.4640935809081816, 0.0375648455336296, -0.3631419103889923, 0.6828405164071817]"
architecture_score_date_moe_reasoning,Llama 4 Maverick,2025-04-05,llama4,MoE,0,400.0,238.7385076798481,-0.22413751650192992,1.6754733196891975,64,31,2025-03-24,True,0.96875,"[-2.454713448428142, 0.03749660378512755, -0.3643491488450286, 0.6675587151152738, 0.12443941255636863]"
active_then_date_sparsity,Llama 4 Maverick,2025-04-05,llama4,MoE,0,400.0,966.9497433367145,0.38334391113276833,2.4173743583417857,64,31,2025-03-24,True,0.96875,"[-2.125330829144239, 0.03419882555404774, -0.3548869043539619, 0.24398969539643983, 0.495406124232777]"
live_eci_60_40,Llama 4 Scout,2025-04-05,llama4,MoE,0,109.0,70.3345486290939,-0.19025779321544434,1.5497362551483294,64,31,2025-03-24,True,0.921875,[]
lean_score_only,Llama 4 Scout,2025-04-05,llama4,MoE,0,109.0,85.36178934684432,-0.10616298778339672,1.27691793756933,64,31,2025-03-24,True,0.921875,[]
architecture_score_date_moe,Llama 4 Scout,2025-04-05,llama4,MoE,0,109.0,200.5885577546355,0.2648796578337427,1.840261997748949,64,31,2025-03-24,True,0.921875,"[-2.4640935809081816, 0.0375648455336296, -0.3631419103889923, 0.6828405164071817]"
architecture_score_date_moe_reasoning,Llama 4 Scout,2025-04-05,llama4,MoE,0,109.0,192.65009917834828,0.24734273898793546,1.7674321025536532,64,31,2025-03-24,True,0.921875,"[-2.454713448428142, 0.03749660378512755, -0.3643491488450286, 0.6675587151152738, 0.12443941255636863]"
active_then_date_sparsity,Llama 4 Scout,2025-04-05,llama4,MoE,0,109.0,795.1395806492421,0.8630168744703441,7.294858538066438,64,31,2025-03-24,True,0.921875,"[-2.125330829144239, 0.03419882555404774, -0.3548869043539619, 0.24398969539643983, 0.495406124232777]"
live_eci_60_40,Qwen3-235B-A22B,2025-04-29,qwen3_235,MoE,1,235.0,164.12481051147464,-0.15589362458390932,1.4318371443516165,66,32,2025-04-05,True,0.9848484848484849,[]
lean_score_only,Qwen3-235B-A22B,2025-04-29,qwen3_235,MoE,1,235.0,174.64779524017015,-0.12890475481208075,1.3455652255834973,66,32,2025-04-05,True,0.9848484848484849,[]
architecture_score_date_moe,Qwen3-235B-A22B,2025-04-29,qwen3_235,MoE,1,235.0,406.15102509101763,0.2376196914227453,1.7283022344298622,66,32,2025-04-05,True,0.9848484848484849,"[-2.4928653854286313, 0.037910459197330534, -0.37160912114176686, 0.6736789617256407]"
architecture_score_date_moe_reasoning,Qwen3-235B-A22B,2025-04-29,qwen3_235,MoE,1,235.0,528.0608348527404,0.35161609571459884,2.247067382352087,66,32,2025-04-05,True,0.9848484848484849,"[-2.4770769946649556, 0.03775587825112561, -0.3700945480955679, 0.6631016927149688, 0.12684162651846584]"
active_then_date_sparsity,Qwen3-235B-A22B,2025-04-29,qwen3_235,MoE,1,235.0,999.1537521070901,0.6285644613434163,4.251718094072724,66,32,2025-04-05,True,0.9848484848484849,"[-2.157303179819375, 0.03494384390796189, -0.40700516160995587, 0.47093664480331265, 0.32459054536209797]"
live_eci_60_40,DeepSeek-R1 (May 2025),2025-05-28,deepseek_v3,MoE,1,671.0,166.21503886346852,-0.6060522046923853,4.0369391637971415,64,32,2025-04-29,True,1.0,[]
lean_score_only,DeepSeek-R1 (May 2025),2025-05-28,deepseek_v3,MoE,1,671.0,175.17955890953442,-0.5832390916857464,3.8303555744566937,64,32,2025-04-29,True,1.0,[]
architecture_score_date_moe,DeepSeek-R1 (May 2025),2025-05-28,deepseek_v3,MoE,1,671.0,332.8613971302493,-0.30445908844105274,2.015854063538153,64,32,2025-04-29,True,1.0,"[-2.4472667969933863, 0.037710260645939075, -0.3892231187871208, 0.549133397694464]"
architecture_score_date_moe_reasoning,DeepSeek-R1 (May 2025),2025-05-28,deepseek_v3,MoE,1,671.0,271.097501247939,-0.3935970055366176,2.4751242520170633,64,32,2025-04-29,True,1.0,"[-2.45984340298179, 0.03773811841057667, -0.3819219862030021, 0.5819394111237212, -0.13087469273563637]"
active_then_date_sparsity,DeepSeek-R1 (May 2025),2025-05-28,deepseek_v3,MoE,1,671.0,759.0239788410032,0.05353297603456797,1.1311832769612566,64,32,2025-04-29,True,1.0,"[-2.113538060803658, 0.034806117891045645, -0.43484705375631405, 0.6127563793515234, 0.2008420832716016]"
live_eci_60_40,Magistral Small 1.1,2025-06-10,mistral_small,Dense,1,24.0,106.77702579781923,0.6482665779982928,4.449042741575803,67,32,2025-05-28,True,0.9411764705882353,[]
lean_score_only,Magistral Small 1.1,2025-06-10,mistral_small,Dense,1,24.0,122.96256186980897,0.7095616612050257,5.1234400779087075,67,32,2025-05-28,True,0.9411764705882353,[]
architecture_score_date_moe,Magistral Small 1.1,2025-06-10,mistral_small,Dense,1,24.0,46.476911928344165,0.28702602274309985,1.9365379970143406,67,32,2025-05-28,True,0.9411764705882353,"[-2.444893310029846, 0.03735382132516676, -0.3521060896730278, 0.6038573743576771]"
architecture_score_date_moe_reasoning,Magistral Small 1.1,2025-06-10,mistral_small,Dense,1,24.0,38.334644880468886,0.20338020273816326,1.5972768700195374,67,32,2025-05-28,True,0.9411764705882353,"[-2.4600743327954446, 0.03742424421336353, -0.3462998131818641, 0.6292456267312317, -0.09200069007931866]"
active_then_date_sparsity,Magistral Small 1.1,2025-06-10,mistral_small,Dense,1,24.0,27.21758218783413,0.05463830130414471,1.134065924493089,67,32,2025-05-28,True,0.9411764705882353,"[-2.053409400421625, 0.03429645000362139, -0.44105941979332924]"
live_eci_60_40,Kimi K2 (Jul 2025),2025-07-12,kimi_k2,MoE,0,1040.0,166.8733302810797,-0.7946464060783174,6.232272096734898,69,33,2025-06-10,True,0.9855072463768116,[]
lean_score_only,Kimi K2 (Jul 2025),2025-07-12,kimi_k2,MoE,0,1040.0,186.1859849886389,-0.7470863526168072,5.5858124877845166,69,33,2025-06-10,True,0.9855072463768116,[]
architecture_score_date_moe,Kimi K2 (Jul 2025),2025-07-12,kimi_k2,MoE,0,1040.0,313.01026831478794,-0.5214747544702121,3.3225747052939916,69,33,2025-06-10,True,0.9855072463768116,"[-2.48119317221031, 0.03804446676680854, -0.3949967637937277, 0.6315358759687786]"
architecture_score_date_moe_reasoning,Kimi K2 (Jul 2025),2025-07-12,kimi_k2,MoE,0,1040.0,359.4526846458005,-0.46139160772206234,2.893287613152203,69,33,2025-06-10,True,0.9855072463768116,"[-2.4978639226884396, 0.03798901100212376, -0.3741386028700988, 0.6633692667771433, -0.14389956144885552]"
active_then_date_sparsity,Kimi K2 (Jul 2025),2025-07-12,kimi_k2,MoE,0,1040.0,692.2334772644053,-0.17678074081620876,1.502383276968793,69,33,2025-06-10,True,0.9855072463768116,"[-2.056276033099207, 0.034350759928015034, -0.44401494102563643, 0.5738415693521917, 0.24539697775010513]"
live_eci_60_40,Qwen3-235B-A22B-Instruct (Jul 2025),2025-07-25,qwen3_235,MoE,0,235.0,181.1755227820992,-0.11296833912257753,1.2970847076436247,69,33,2025-07-12,True,0.9428571428571428,[]
lean_score_only,Qwen3-235B-A22B-Instruct (Jul 2025),2025-07-25,qwen3_235,MoE,0,235.0,200.6221866895333,-0.06868890256031257,1.1713559894732233,69,33,2025-07-12,True,0.9428571428571428,[]
architecture_score_date_moe,Qwen3-235B-A22B-Instruct (Jul 2025),2025-07-25,qwen3_235,MoE,0,235.0,404.8007269693309,0.2361734214969764,1.7225562849758764,69,33,2025-07-12,True,0.9428571428571428,"[-2.4648061924887554, 0.037262321552285024, -0.33810165064550723, 0.7604866764809133]"
architecture_score_date_moe_reasoning,Qwen3-235B-A22B-Instruct (Jul 2025),2025-07-25,qwen3_235,MoE,0,235.0,427.16822381920076,0.25953107666156905,1.8177371226348968,69,33,2025-07-12,True,0.9428571428571428,"[-2.476864764638662, 0.037265162898857236, -0.3259751453994029, 0.7644323429743125, -0.14520351067645768]"
active_then_date_sparsity,Qwen3-235B-A22B-Instruct (Jul 2025),2025-07-25,qwen3_235,MoE,0,235.0,1021.1852357675587,0.6380366649033369,4.34546908837259,69,33,2025-07-12,True,0.9428571428571428,"[-2.1427740890004876, 0.0351423682022685, -0.44195418292024286, 0.32447582396976427, 0.4201027243519621]"
live_eci_60_40,Qwen3-235B-A22B-Thinking (Jul 2025),2025-07-25,qwen3_235,MoE,1,235.0,300.10867648131335,0.10621068927935928,1.2770581977928228,69,33,2025-07-12,True,1.0,[]
lean_score_only,Qwen3-235B-A22B-Thinking (Jul 2025),2025-07-25,qwen3_235,MoE,1,235.0,314.0834367154807,0.12597717208048653,1.3365252626190667,69,33,2025-07-12,True,1.0,[]
architecture_score_date_moe,Qwen3-235B-A22B-Thinking (Jul 2025),2025-07-25,qwen3_235,MoE,1,235.0,666.6100341292596,0.45280398430775604,2.836638443103232,69,33,2025-07-12,True,1.0,"[-2.4648061924887554, 0.037262321552285024, -0.33810165064550723, 0.7604866764809133]"
architecture_score_date_moe_reasoning,Qwen3-235B-A22B-Thinking (Jul 2025),2025-07-25,qwen3_235,MoE,1,235.0,503.54989494542946,0.33097464742600957,2.1427655104060825,69,33,2025-07-12,True,1.0,"[-2.476864764638662, 0.037265162898857236, -0.3259751453994029, 0.7644323429743125, -0.14520351067645768]"
active_then_date_sparsity,Qwen3-235B-A22B-Thinking (Jul 2025),2025-07-25,qwen3_235,MoE,1,235.0,1634.5958674751544,0.8423425343451787,6.955727095638955,69,33,2025-07-12,True,1.0,"[-2.1427740890004876, 0.0351423682022685, -0.44195418292024286, 0.32447582396976427, 0.4201027243519621]"
live_eci_60_40,gpt-oss-120b,2025-08-05,gpt_oss,MoE,1,116.83,208.72166039938045,0.25201314426364974,1.7865416451200935,72,34,2025-07-25,True,0.9722222222222222,[]
lean_score_only,gpt-oss-120b,2025-08-05,gpt_oss,MoE,1,116.83,227.168556338313,0.28879384139386666,1.9444368427485499,72,34,2025-07-25,True,0.9722222222222222,[]
architecture_score_date_moe,gpt-oss-120b,2025-08-05,gpt_oss,MoE,1,116.83,386.4734544523342,0.5195652923738003,3.307998411814896,72,34,2025-07-25,True,0.9722222222222222,"[-2.444565025909953, 0.037278025014116256, -0.35517616662101525, 0.7109979211323932]"
architecture_score_date_moe_reasoning,gpt-oss-120b,2025-08-05,gpt_oss,MoE,1,116.83,261.4089027335622,0.3497659974546967,2.2375152164132692,72,34,2025-07-25,True,0.9722222222222222,"[-2.4833067564360176, 0.03742658387500966, -0.3335433726528617, 0.7343388480217219, -0.2313752851275967]"
active_then_date_sparsity,gpt-oss-120b,2025-08-05,gpt_oss,MoE,1,116.83,789.3493980092472,0.8297149053992543,6.7563930326906405,72,34,2025-07-25,True,0.9722222222222222,"[-2.065390973805983, 0.0346624745514031, -0.4663800749617438, 0.4726307893468174, 0.3183622006972673]"
live_eci_60_40,DeepSeek-V3.2-Exp,2025-09-29,deepseek_v3,MoE,0,671.0,230.85151214623136,-0.46338979651417667,2.9066302999781066,69,34,2025-08-05,True,1.0,[]
lean_score_only,DeepSeek-V3.2-Exp,2025-09-29,deepseek_v3,MoE,0,671.0,248.92620654789312,-0.4306518993337489,2.6955779759207488,69,34,2025-08-05,True,1.0,[]
architecture_score_date_moe,DeepSeek-V3.2-Exp,2025-09-29,deepseek_v3,MoE,0,671.0,352.58104941327736,-0.2794635541127106,1.9031085224704982,69,34,2025-08-05,True,1.0,"[-2.4556193484505267, 0.037779504290147765, -0.39123078437208686, 0.6032455876316624]"
architecture_score_date_moe_reasoning,DeepSeek-V3.2-Exp,2025-09-29,deepseek_v3,MoE,0,671.0,515.2334471642021,-0.11471847201414631,1.3023222845743474,69,34,2025-08-05,True,1.0,"[-2.45383767329788, 0.037044142466147616, -0.3183075845005437, 0.6726846230513405, -0.4241177993091112]"
active_then_date_sparsity,DeepSeek-V3.2-Exp,2025-09-29,deepseek_v3,MoE,0,671.0,799.5440263703279,0.07611986271408133,1.1915708291659133,69,34,2025-08-05,True,1.0,"[-2.07867166739209, 0.0356994460346788, -0.5618171768247551, 0.4240260141061287, 0.33796777151094143]"
live_eci_60_40,GLM-4.6,2025-09-30,glm,MoE,1,357.0,193.73547986828515,-0.2654590533177763,1.842718743323182,74,35,2025-09-29,True,0.9594594594594594,[]
lean_score_only,GLM-4.6,2025-09-30,glm,MoE,1,357.0,217.08221470723825,-0.21604397244086027,1.64453822475258,74,35,2025-09-29,True,0.9594594594594594,[]
architecture_score_date_moe,GLM-4.6,2025-09-30,glm,MoE,1,357.0,280.69225436936057,-0.10443778755704836,1.271855544436316,74,35,2025-09-29,True,0.9594594594594594,"[-2.492071214714177, 0.03813430203584482, -0.3945640253599536, 0.6464402449005375]"
architecture_score_date_moe_reasoning,GLM-4.6,2025-09-30,glm,MoE,1,357.0,169.33822746918946,-0.3239132065864365,2.1082067843479404,74,35,2025-09-29,True,0.9594594594594594,"[-2.518505966458422, 0.037820144203739386, -0.3384538742757148, 0.7107411912052909, -0.36712395939174947]"
active_then_date_sparsity,GLM-4.6,2025-09-30,glm,MoE,1,357.0,582.2766499837946,0.21246115859738346,1.6310270307669317,74,35,2025-09-29,True,0.9594594594594594,"[-2.054498558615743, 0.03544585962896905, -0.5588533386004255, 0.4552190931837144, 0.3280318871722159]"
live_eci_60_40,Kimi K2 Thinking,2025-11-06,kimi_k2,MoE,1,1040.0,254.66611966964734,-0.6110621682622903,4.08377840503121,74,35,2025-09-30,True,1.0,[]
lean_score_only,Kimi K2 Thinking,2025-11-06,kimi_k2,MoE,1,1040.0,277.0345704932034,-0.5744993722645515,3.754044118567919,74,35,2025-09-30,True,1.0,[]
architecture_score_date_moe,Kimi K2 Thinking,2025-11-06,kimi_k2,MoE,1,1040.0,339.43930317010967,-0.4862712120959798,3.0638761931431517,74,35,2025-09-30,True,1.0,"[-2.474483082141592, 0.03811141628772888, -0.406150413275699, 0.5959476335800072]"
architecture_score_date_moe_reasoning,Kimi K2 Thinking,2025-11-06,kimi_k2,MoE,1,1040.0,286.9969083250378,-0.5591561209780562,3.6237324160375612,74,35,2025-09-30,True,1.0,"[-2.466076583577975, 0.03759372466696378, -0.3628182080376538, 0.6476592557624514, -0.18078242101303874]"
active_then_date_sparsity,Kimi K2 Thinking,2025-11-06,kimi_k2,MoE,1,1040.0,593.4375239525917,-0.2436583353524795,1.7525012457471139,74,35,2025-09-30,True,1.0,"[-2.045557892984693, 0.03523840127261236, -0.5459048911865931, 0.646099363203521, 0.20406250455747527]"
live_eci_60_40,DeepSeek-V3.2,2025-12-01,deepseek_v3,MoE,1,671.0,280.47317968855265,-0.3788311820996779,2.3923856132878805,71,35,2025-11-06,True,1.0,[]
lean_score_only,DeepSeek-V3.2,2025-12-01,deepseek_v3,MoE,1,671.0,301.0202804237702,-0.34812676417836874,2.2290856916862207,71,35,2025-11-06,True,1.0,[]
architecture_score_date_moe,DeepSeek-V3.2,2025-12-01,deepseek_v3,MoE,1,671.0,373.27461467962064,-0.2546940643424267,1.7976041595432768,71,35,2025-11-06,True,1.0,"[-2.433569616413642, 0.037326685212162015, -0.3680217250543248, 0.6070519056194007]"
architecture_score_date_moe_reasoning,DeepSeek-V3.2,2025-12-01,deepseek_v3,MoE,1,671.0,317.53434557989334,-0.3249318132524657,2.1131572358718995,71,35,2025-11-06,True,1.0,"[-2.41646956604752, 0.03667879047916283, -0.3197462080470979, 0.6591300956101286, -0.18520496405346326]"
active_then_date_sparsity,DeepSeek-V3.2,2025-12-01,deepseek_v3,MoE,1,671.0,690.0207684470411,0.012139642287406271,1.0283468978346366,71,35,2025-11-06,True,1.0,"[-2.070151306438666, 0.035519539804856996, -0.5511622680390471, 0.5228443674706708, 0.2697469714476726]"
live_eci_60_40,GLM-4.7,2025-12-22,glm,MoE,1,358.0,228.90288481069427,-0.19423176062083414,1.5639820367317385,76,35,2025-12-01,True,0.948051948051948,[]
lean_score_only,GLM-4.7,2025-12-22,glm,MoE,1,358.0,262.0266568883614,-0.13553755077978247,1.3662732038463132,76,35,2025-12-01,True,0.948051948051948,[]
architecture_score_date_moe,GLM-4.7,2025-12-22,glm,MoE,1,358.0,290.720355523192,-0.09040758557897277,1.231423920611713,76,35,2025-12-01,True,0.948051948051948,"[-2.490175643220553, 0.03799185161604662, -0.3833584143241399, 0.6318262253472116]"
architecture_score_date_moe_reasoning,GLM-4.7,2025-12-22,glm,MoE,1,358.0,231.76867837857725,-0.1888282823608196,1.5446435752428689,76,35,2025-12-01,True,0.948051948051948,"[-2.4995056630948045, 0.03762063210622235, -0.33849032027790255, 0.6831286811863285, -0.22043359636841514]"
active_then_date_sparsity,GLM-4.7,2025-12-22,glm,MoE,1,358.0,619.4177477830533,0.23810061811893757,1.7302171725783602,76,35,2025-12-01,True,0.948051948051948,"[-2.057925153910133, 0.03548111921656641, -0.5592140764193928, 0.45680453055776643, 0.3212223139820105]"
live_eci_60_40,Kimi K2.5,2026-01-27,kimi_k2,MoE,1,1040.0,285.9161009484352,-0.5607947265914826,3.6374306887584593,76,35,2025-12-22,True,1.0,[]
lean_score_only,Kimi K2.5,2026-01-27,kimi_k2,MoE,1,1040.0,319.7403634724507,-0.5122358749793792,3.252639074733546,76,35,2025-12-22,True,1.0,[]
architecture_score_date_moe,Kimi K2.5,2026-01-27,kimi_k2,MoE,1,1040.0,337.0925298379446,-0.489284210883731,3.0852063096740054,76,35,2025-12-22,True,1.0,"[-2.461969702810116, 0.03790061200556594, -0.39708717796383974, 0.5904368538047429]"
architecture_score_date_moe_reasoning,Kimi K2.5,2026-01-27,kimi_k2,MoE,1,1040.0,294.7830647373427,-0.547530809577121,3.5280181408204685,76,35,2025-12-22,True,1.0,"[-2.4513710172291696, 0.03735903218759069, -0.35351683829098784, 0.6397832557884308, -0.171740322163427]"
active_then_date_sparsity,Kimi K2.5,2026-01-27,kimi_k2,MoE,1,1040.0,577.9537686373834,-0.2551402393361908,1.7994518877382921,76,35,2025-12-22,True,1.0,"[-2.0452208856834164, 0.035193340974369706, -0.5418495379941217, 0.6717420051982597, 0.18951215737310134]"
live_eci_60_40,GLM-5,2026-02-11,glm,MoE,1,744.0,276.058985508656,-0.4305710478867244,2.695076194057343,77,35,2026-01-27,True,0.9746835443037974,[]
lean_score_only,GLM-5,2026-02-11,glm,MoE,1,744.0,316.5181118110046,-0.3711743692666847,2.350576388008557,77,35,2026-01-27,True,0.9746835443037974,[]
architecture_score_date_moe,GLM-5,2026-02-11,glm,MoE,1,744.0,326.8143395035155,-0.35727183190023215,2.2765218965919845,77,35,2026-01-27,True,0.9746835443037974,"[-2.47874381594613, 0.03779014137456785, -0.3742665800678517, 0.6253992297578287]"
architecture_score_date_moe_reasoning,GLM-5,2026-02-11,glm,MoE,1,744.0,277.0063413641873,-0.42908322428666157,2.6858590902142705,77,35,2026-01-27,True,0.9746835443037974,"[-2.483454853594639, 0.03741785775075609, -0.33363272769726765, 0.6708525330477657, -0.184539596294998]"
active_then_date_sparsity,GLM-5,2026-02-11,glm,MoE,1,744.0,700.6877865195086,-0.026048388044325854,1.061813855348662,77,35,2026-01-27,True,0.9746835443037974,"[-2.057879210646157, 0.03546273594041127, -0.5574773116523202, 0.4594084959155164, 0.3171987994412479]"
live_eci_60_40,MiniMax-M2.5,2026-02-12,minimax_m2,MoE,1,228.703644928,324.7015602936516,0.1522112893921035,1.4197480778930027,80,36,2026-02-11,True,0.9875,[]
lean_score_only,MiniMax-M2.5,2026-02-12,minimax_m2,MoE,1,228.703644928,356.41418179825445,0.19268189021987814,1.5584105881235963,80,36,2026-02-11,True,0.9875,[]
architecture_score_date_moe,MiniMax-M2.5,2026-02-12,minimax_m2,MoE,1,228.703644928,377.45689439630473,0.21759427617559401,1.650419233655568,80,36,2026-02-11,True,0.9875,"[-2.4400577781814756, 0.03718020479416434, -0.3499641165694342, 0.6383247164901528]"
architecture_score_date_moe_reasoning,MiniMax-M2.5,2026-02-12,minimax_m2,MoE,1,228.703644928,342.0594451362349,0.1748285007464645,1.4956449218110253,80,36,2026-02-11,True,0.9875,"[-2.4313378333334588, 0.03671219280100776, -0.3121606786559201, 0.6773098958000452, -0.13941247105661436]"
active_then_date_sparsity,MiniMax-M2.5,2026-02-12,minimax_m2,MoE,1,228.703644928,644.959780714528,0.450259546988252,2.820067782118528,80,36,2026-02-11,True,0.9875,"[-2.037771421685509, 0.03507635529515451, -0.5372501001289016, 0.568109868917518, 0.2547053590911936]"
live_eci_60_40,MiniMax-M2.7,2026-03-18,minimax_m2,MoE,1,228.703644928,282.66592229645016,0.09200036770968456,1.2359484799004343,80,36,2026-02-11,True,0.9382716049382716,[]
lean_score_only,MiniMax-M2.7,2026-03-18,minimax_m2,MoE,1,228.703644928,319.71287655465153,0.1454870418340266,1.3979352041166768,80,36,2026-02-11,True,0.9382716049382716,[]
architecture_score_date_moe,MiniMax-M2.7,2026-03-18,minimax_m2,MoE,1,228.703644928,309.93782098765234,0.13200148925206623,1.3551940594791414,80,36,2026-02-11,True,0.9382716049382716,"[-2.4400577781814756, 0.03718020479416434, -0.3499641165694342, 0.6383247164901528]"
architecture_score_date_moe_reasoning,MiniMax-M2.7,2026-03-18,minimax_m2,MoE,1,228.703644928,283.592766848721,0.09342206362998695,1.2400010806036834,80,36,2026-02-11,True,0.9382716049382716,"[-2.4313378333334588, 0.03671219280100776, -0.3121606786559201, 0.6773098958000452, -0.13941247105661436]"
active_then_date_sparsity,MiniMax-M2.7,2026-03-18,minimax_m2,MoE,1,228.703644928,541.0228565458369,0.3739425269343677,2.365606620376168,80,36,2026-02-11,True,0.9382716049382716,"[-2.037771421685509, 0.03507635529515451, -0.5372501001289016, 0.568109868917518, 0.2547053590911936]"
live_eci_60_40,Gemma 4 31B IT,2026-04-02,gemma4,Dense,0,31.0,197.86419242288744,0.8050055130037337,6.382715884609273,82,37,2026-03-18,True,0.8780487804878049,[]
lean_score_only,Gemma 4 31B IT,2026-04-02,gemma4,Dense,0,31.0,231.95128477561636,0.8740350885795287,7.4822995088908515,82,37,2026-03-18,True,0.8780487804878049,[]
architecture_score_date_moe,Gemma 4 31B IT,2026-04-02,gemma4,Dense,0,31.0,47.13468093847652,0.18197887779048827,1.520473578660533,82,37,2026-03-18,True,0.8780487804878049,"[-2.4659349759166695, 0.03760737673892901, -0.36792686990651946, 0.6311365987494235]"
architecture_score_date_moe_reasoning,Gemma 4 31B IT,2026-04-02,gemma4,Dense,0,31.0,56.37963592070829,0.25976057319372137,1.818697932926074,82,37,2026-03-18,True,0.8780487804878049,"[-2.4495718825079944, 0.03698179397701177, -0.32172023798971067, 0.6759100812885507, -0.15393467737849215]"
active_then_date_sparsity,Gemma 4 31B IT,2026-04-02,gemma4,Dense,0,31.0,13.39306665694879,-0.3644816635211441,2.314630457238568,82,37,2026-03-18,True,0.8780487804878049,"[-2.0826980233493164, 0.03593418083312333, -0.5809652430398561]"
live_eci_60_40,Qwen 3.6 35B-A3B,2026-04-14,qwen36,MoE,1,36.0,195.00904973822696,0.7337522652628108,5.416918048284082,83,38,2026-04-02,True,0.891566265060241,[]
lean_score_only,Qwen 3.6 35B-A3B,2026-04-14,qwen36,MoE,1,36.0,236.7695831234646,0.8180234087273828,6.576932864540684,83,38,2026-04-02,True,0.891566265060241,[]
architecture_score_date_moe,Qwen 3.6 35B-A3B,2026-04-14,qwen36,MoE,1,36.0,213.82611971357227,0.7737582541494814,5.939614436488118,83,38,2026-04-02,True,0.891566265060241,"[-2.4895666901324187, 0.0380196295151663, -0.3893808932866966, 0.6493036877610586]"
architecture_score_date_moe_reasoning,Qwen 3.6 35B-A3B,2026-04-14,qwen36,MoE,1,36.0,198.79996209614438,0.7421137964899986,5.522221169337344,83,38,2026-04-02,True,0.891566265060241,"[-2.484345310796355, 0.037644953354771256, -0.3585008642692463, 0.693108593872771, -0.12834579645760824]"
active_then_date_sparsity,Qwen 3.6 35B-A3B,2026-04-14,qwen36,MoE,1,36.0,402.12746270618044,1.0480612328540966,11.170207297393901,83,38,2026-04-02,True,0.891566265060241,"[-1.9946850846813888, 0.03475866958153303, -0.5433600324470409, 0.5719523631362103, 0.25270817145250146]"
live_eci_60_40,Kimi K2.6,2026-04-20,kimi_k2,MoE,1,1040.0,251.29296888996464,-0.6168530019796172,4.138595698057082,81,38,2026-04-14,True,1.0,[]
lean_score_only,Kimi K2.6,2026-04-20,kimi_k2,MoE,1,1040.0,286.2604442103257,-0.5602719984306059,3.633055216095015,81,38,2026-04-14,True,1.0,[]
architecture_score_date_moe,Kimi K2.6,2026-04-20,kimi_k2,MoE,1,1040.0,258.94137050915447,-0.603831897019607,4.016353192056779,81,38,2026-04-14,True,1.0,"[-2.7473131101369614, 0.04169528274484017, -0.5138247063983211, 0.5585022689904722]"
architecture_score_date_moe_reasoning,Kimi K2.6,2026-04-20,kimi_k2,MoE,1,1040.0,231.60975313122898,-0.6522764956341889,4.49031176770324,81,38,2026-04-14,True,1.0,"[-2.716938697182616, 0.04082207275581581, -0.45716318255790717, 0.6346069177700758, -0.20997666406706192]"
active_then_date_sparsity,Kimi K2.6,2026-04-20,kimi_k2,MoE,1,1040.0,398.60516506107757,-0.4164904173803943,2.6090981531577553,81,38,2026-04-14,True,1.0,"[-2.2344131545322212, 0.038143278150021706, -0.6629743495830522, 0.7325507564005863, 0.16031841648536427]"
live_eci_60_40,DeepSeek-V4-Pro,2026-04-24,deepseek_v4,MoE,1,1600.0,249.3091835731768,-0.8073817061509643,6.417733904015493,85,39,2026-04-20,True,0.9882352941176471,[]
lean_score_only,DeepSeek-V4-Pro,2026-04-24,deepseek_v4,MoE,1,1600.0,290.8510031086835,-0.740449416691678,5.50109844180981,85,39,2026-04-20,True,0.9882352941176471,[]
architecture_score_date_moe,DeepSeek-V4-Pro,2026-04-24,deepseek_v4,MoE,1,1600.0,246.66122131765985,-0.8120191051221624,6.486629683631776,85,39,2026-04-20,True,0.9882352941176471,"[-2.7960964130000754, 0.04193030395171282, -0.49772253346766976, 0.6002067728411588]"
architecture_score_date_moe_reasoning,DeepSeek-V4-Pro,2026-04-24,deepseek_v4,MoE,1,1600.0,226.1075307631155,-0.8498049554083091,7.0762791252462085,85,39,2026-04-20,True,0.9882352941176471,"[-2.770188674515372, 0.04114804678857293, -0.4460583489264254, 0.6665741081957891, -0.18474258619676553]"
active_then_date_sparsity,DeepSeek-V4-Pro,2026-04-24,deepseek_v4,MoE,1,1600.0,378.03709859282037,-0.6265855613277931,4.2323888474325155,85,39,2026-04-20,True,0.9882352941176471,"[-2.2481285638879696, 0.03820790240754615, -0.6574013361949484, 0.6903860080145635, 0.19014567180905786]"
live_eci_60_40,Kimi K2.7 Code,2026-06-12,kimi_k2,MoE,1,1040.0,281.13889169146915,-0.568112410878594,3.699239168735605,82,39,2026-04-24,True,0.9883720930232558,[]
lean_score_only,Kimi K2.7 Code,2026-06-12,kimi_k2,MoE,1,1040.0,324.9629242299151,-0.5051995251533556,3.2003650953860436,82,39,2026-04-24,True,0.9883720930232558,[]
architecture_score_date_moe,Kimi K2.7 Code,2026-06-12,kimi_k2,MoE,1,1040.0,270.19624554037915,-0.5853540292257375,3.849054223237081,82,39,2026-04-24,True,0.9883720930232558,"[-2.670410415705502, 0.04013309376829165, -0.4366231999964878, 0.5986922648338129]"
architecture_score_date_moe_reasoning,Kimi K2.7 Code,2026-06-12,kimi_k2,MoE,1,1040.0,259.0207512276764,-0.6036987806898728,4.015122321554273,82,39,2026-04-24,True,0.9883720930232558,"[-2.6503603255439314, 0.03957612143507166, -0.4012059570579037, 0.6443603115837289, -0.12267851676436616]"
active_then_date_sparsity,Kimi K2.7 Code,2026-06-12,kimi_k2,MoE,1,1040.0,412.75518380090756,-0.4013408030162995,2.519653394593449,82,39,2026-04-24,True,0.9883720930232558,"[-2.215335978997028, 0.037516273977900305, -0.6203534721076532, 0.6458850324041231, 0.20505244514504936]"
live_eci_60_40,GLM-5.2,2026-06-16,glm,MoE,1,744.0,345.78239060979575,-0.33277006302129264,2.1516422472756274,84,39,2026-06-12,True,1.0,[]
lean_score_only,GLM-5.2,2026-06-16,glm,MoE,1,744.0,391.7135604847709,-0.2786043291709288,1.8993470613558836,84,39,2026-06-12,True,1.0,[]
architecture_score_date_moe,GLM-5.2,2026-06-16,glm,MoE,1,744.0,339.98377880214855,-0.3401147389294268,2.1883396985035746,84,39,2026-06-12,True,1.0,"[-2.7053325234048105, 0.040361339906130306, -0.43026155395412513, 0.6140888802758602]"
architecture_score_date_moe_reasoning,GLM-5.2,2026-06-16,glm,MoE,1,744.0,321.27312229230665,-0.364698541548667,2.3157866263181512,84,39,2026-06-12,True,1.0,"[-2.6850536485502823, 0.03975636339809698, -0.39056661629967043, 0.6624340728038873, -0.1387877657179848]"
active_then_date_sparsity,GLM-5.2,2026-06-16,glm,MoE,1,744.0,537.883706405812,-0.1408845467301454,1.3831986192172947,84,39,2026-06-12,True,1.0,"[-2.214871398166264, 0.03754782979828041, -0.6247375065060228, 0.6083793095801076, 0.2350956674329502]"
live_eci_60_40,Kimi K3,2026-07-16,kimi_k2,MoE,1,2780.0,449.8232348227174,-0.7910029115266006,6.180205433575797,83,39,2026-06-16,True,1.0,[]
lean_score_only,Kimi K3,2026-07-16,kimi_k2,MoE,1,2780.0,491.9335920991074,-0.752138316182164,5.651169272945132,83,39,2026-06-16,True,1.0,[]
architecture_score_date_moe,Kimi K3,2026-07-16,kimi_k2,MoE,1,2780.0,432.3798308017464,-0.8081793686751979,6.4295320964559,83,39,2026-06-16,True,1.0,"[-2.668620278950328, 0.04005325316016175, -0.4310835490633843, 0.5973160416603893]"
architecture_score_date_moe_reasoning,Kimi K3,2026-07-16,kimi_k2,MoE,1,2780.0,414.0298770434105,-0.8270131142973858,6.714491282252367,83,39,2026-06-16,True,1.0,"[-2.648574078988022, 0.03949115488827822, -0.3951951668096182, 0.6430023784043521, -0.12405529567096954]"
active_then_date_sparsity,Kimi K3,2026-07-16,kimi_k2,MoE,1,2780.0,636.5610246028078,-0.6402047518280614,4.367216798632345,83,39,2026-06-16,True,1.0,"[-2.2130713156192847, 0.03744877445867902, -0.6163908761887963, 0.6520068478666122, 0.2031106955586134]"
